id_venta_detalle,id_articulo,cantidad,precio_compra_unid,precio_venta_unid,descuento,id_venta,id_promocion
1,302,1,60.00,65.00,0.00,1,1
2,326,1,55.00,60.00,2.00,2,3
3,294,1,35.00,45.00,0.00,3,1
4,248,3,50.00,55.00,24.75,4,6
5,108,1,49.00,56.00,0.00,5,1
6,269,1,20.00,23.00,0.00,6,1
7,300,4,35.00,45.00,0.00,7,1
8,370,1,35.00,38.00,5.70,8,6
9,355,2,68.00,75.00,15.00,9,2
10,139,1,80.00,85.00,0.00,10,1
11,263,4,65.00,70.00,28.00,11,2
12,382,1,45.00,50.00,0.00,12,1
13,251,4,50.00,55.00,2.00,13,3
14,369,1,35.00,38.00,3.50,14,4
15,195,4,115.00,119.00,0.00,15,1
16,366,1,65.00,70.00,0.00,16,1
17,63,1,110.00,120.00,3.50,17,4
18,92,1,46.00,55.00,0.00,18,1
19,188,2,99.00,109.00,3.50,19,4
20,215,1,40.00,45.00,4.50,20,2
21,204,1,65.00,68.00,3.00,21,5
22,51,2,80.00,89.00,3.00,22,5
23,386,1,48.00,55.00,8.25,23,6
24,128,2,89.00,95.00,2.00,24,3
25,169,1,69.00,75.00,0.00,25,1
26,125,1,89.00,95.00,0.00,26,1
27,175,1,79.00,85.00,12.75,27,6
28,45,1,26.00,30.00,2.00,28,3
29,109,2,49.00,56.00,2.00,29,3
30,141,1,80.00,85.00,0.00,30,1
31,283,1,55.00,60.00,2.00,31,3
32,305,1,60.00,65.00,3.00,32,5
33,386,1,48.00,55.00,8.25,33,6
34,285,2,35.00,45.00,0.00,34,1
35,332,1,100.00,105.00,0.00,35,1
36,331,1,100.00,105.00,0.00,36,1
37,97,2,50.00,59.00,2.00,37,3
38,368,1,65.00,70.00,0.00,38,1
39,116,1,80.00,84.00,0.00,39,1
40,208,2,40.00,45.00,13.50,40,6
41,93,1,46.00,55.00,0.00,41,1
42,78,1,90.00,99.00,0.00,42,1
43,169,3,69.00,75.00,33.75,43,6
44,165,2,80.00,84.00,0.00,44,1
45,111,1,65.00,69.00,0.00,45,1
46,58,1,90.00,99.00,0.00,46,1
47,83,1,140.00,149.00,0.00,47,1
48,239,4,38.00,43.00,0.00,48,1
49,122,1,100.00,109.00,0.00,49,1
50,153,1,69.00,54.00,0.00,50,1
51,344,3,85.00,93.00,0.00,51,1
52,111,1,65.00,69.00,0.00,52,1
53,118,1,80.00,85.00,0.00,53,1
54,58,1,90.00,99.00,0.00,54,1
55,348,2,65.00,70.00,0.00,55,1
56,2,1,21.00,25.00,2.00,56,3
57,251,1,50.00,55.00,3.00,57,5
58,110,1,65.00,69.00,0.00,58,1
59,161,1,50.00,55.00,8.25,59,6
60,28,1,32.00,36.00,3.60,60,2
61,130,1,89.00,95.00,14.25,61,6
62,73,1,90.00,99.00,0.00,62,1
63,91,3,46.00,55.00,16.50,63,2
64,284,1,35.00,45.00,0.00,64,1
65,204,2,65.00,68.00,0.00,65,1
66,230,1,58.00,60.00,6.00,66,2
67,225,1,50.00,55.00,0.00,67,1
68,67,1,110.00,120.00,3.00,68,5
69,227,3,58.00,60.00,2.00,69,3
70,48,1,26.00,30.00,0.00,70,1
71,214,1,38.00,43.00,2.00,71,3
72,313,1,40.00,50.00,7.50,72,6
73,341,1,80.00,85.00,0.00,73,1
74,138,1,80.00,85.00,0.00,74,1
75,44,1,36.00,40.00,0.00,75,1
76,243,2,25.00,30.00,0.00,76,1
77,373,1,35.00,38.00,3.80,77,2
78,159,1,99.00,118.00,17.70,78,6
79,290,1,35.00,45.00,0.00,79,1
80,101,1,50.00,59.00,0.00,80,1
81,263,1,65.00,70.00,0.00,81,1
82,192,1,120.00,125.00,0.00,82,1
83,382,3,45.00,50.00,15.00,83,2
84,385,1,48.00,55.00,3.50,84,4
85,247,4,28.00,33.00,0.00,85,1
86,43,1,36.00,40.00,4.00,86,2
87,373,1,35.00,38.00,3.80,87,2
88,50,4,26.00,30.00,0.00,88,1
89,303,1,60.00,65.00,0.00,89,1
90,193,1,120.00,125.00,0.00,90,1
91,166,1,80.00,84.00,0.00,91,1
92,268,1,20.00,23.00,3.00,92,5
93,64,1,110.00,120.00,3.50,93,4
94,250,1,45.00,50.00,0.00,94,1
95,252,4,50.00,55.00,3.00,95,5
96,49,4,26.00,30.00,0.00,96,1
97,135,1,70.00,74.00,11.10,97,6
98,30,1,26.00,30.00,3.00,98,2
99,145,2,65.00,69.00,0.00,99,1
100,106,1,49.00,56.00,0.00,100,1
101,203,1,55.00,58.00,8.70,101,6
102,119,1,79.00,84.00,8.40,102,2
103,358,2,60.00,65.00,0.00,103,1
104,236,1,125.00,130.00,13.00,104,2
105,272,1,65.00,70.00,2.00,105,3
106,41,1,32.00,36.00,3.50,106,4
107,297,1,35.00,45.00,3.50,107,4
108,42,1,36.00,40.00,0.00,108,1
109,233,1,125.00,130.00,13.00,109,2
110,285,1,35.00,45.00,6.75,110,6
111,129,1,89.00,95.00,3.00,111,5
112,43,3,36.00,40.00,0.00,112,1
113,272,4,65.00,70.00,28.00,113,2
114,113,1,99.00,119.00,0.00,114,1
115,394,1,23.00,27.00,2.70,115,2
116,398,1,25.00,30.00,3.50,116,4
117,348,3,65.00,70.00,0.00,117,1
118,11,1,16.00,18.00,0.00,118,1
119,18,1,18.00,20.00,0.00,119,1
120,112,2,65.00,69.00,2.00,120,3
121,243,1,25.00,30.00,0.00,121,1
122,97,4,50.00,59.00,0.00,122,1
123,307,3,65.00,68.00,0.00,123,1
124,112,1,65.00,69.00,3.00,124,5
125,196,1,115.00,119.00,2.00,125,3
126,346,1,85.00,93.00,0.00,126,1
127,158,3,99.00,118.00,0.00,127,1
128,99,1,50.00,59.00,0.00,128,1
129,250,1,45.00,50.00,0.00,129,1
130,156,2,70.00,74.00,2.00,130,3
131,280,1,55.00,60.00,0.00,131,1
132,344,1,85.00,93.00,0.00,132,1
133,109,2,49.00,56.00,11.20,133,2
134,107,2,49.00,56.00,0.00,134,1
135,273,1,65.00,70.00,10.50,135,6
136,138,1,80.00,85.00,0.00,136,1
137,226,1,45.00,50.00,3.50,137,4
138,40,1,32.00,36.00,0.00,138,1
139,135,1,70.00,74.00,0.00,139,1
140,263,3,65.00,70.00,3.50,140,4
141,143,3,65.00,69.00,20.70,141,2
142,98,1,50.00,59.00,3.00,142,5
143,251,1,50.00,55.00,0.00,143,1
144,196,3,115.00,119.00,0.00,144,1
145,180,1,120.00,129.00,2.00,145,3
146,282,2,55.00,60.00,2.00,146,3
147,47,1,26.00,30.00,3.00,147,5
148,12,2,18.00,20.00,0.00,148,1
149,311,1,40.00,50.00,7.50,149,6
150,138,1,80.00,85.00,0.00,150,1
151,355,4,68.00,75.00,0.00,151,1
152,297,3,35.00,45.00,0.00,152,1
153,111,1,65.00,69.00,6.90,153,2
154,330,1,100.00,105.00,0.00,154,1
155,260,4,55.00,60.00,3.00,155,5
156,243,1,25.00,30.00,3.00,156,5
157,221,1,30.00,35.00,0.00,157,1
158,334,2,102.00,108.00,0.00,158,1
159,97,1,50.00,59.00,3.50,159,4
160,224,1,50.00,55.00,0.00,160,1
161,219,1,35.00,40.00,3.50,161,4
162,193,1,120.00,125.00,0.00,162,1
163,355,1,68.00,75.00,0.00,163,1
164,37,4,36.00,40.00,0.00,164,1
165,319,2,53.00,57.00,0.00,165,1
166,367,2,65.00,70.00,14.00,166,2
167,357,1,60.00,65.00,0.00,167,1
168,100,1,50.00,59.00,2.00,168,3
169,23,1,21.00,25.00,3.75,169,6
170,226,1,45.00,50.00,0.00,170,1
171,276,2,65.00,70.00,0.00,171,1
172,194,2,115.00,119.00,2.00,172,3
173,122,1,100.00,109.00,0.00,173,1
174,213,1,40.00,45.00,4.50,174,2
175,157,1,70.00,74.00,7.40,175,2
176,41,1,32.00,36.00,2.00,176,3
177,176,4,75.00,79.00,0.00,177,1
178,32,4,26.00,30.00,0.00,178,1
179,101,4,50.00,59.00,0.00,179,1
180,102,1,55.00,69.00,10.35,180,6
181,70,1,110.00,120.00,3.50,181,4
182,84,1,140.00,149.00,0.00,182,1
183,283,1,55.00,60.00,3.00,183,5
184,289,1,35.00,45.00,3.00,184,5
185,384,1,48.00,55.00,3.00,185,5
186,298,3,35.00,45.00,13.50,186,2
187,365,1,65.00,70.00,2.00,187,3
188,381,3,45.00,50.00,15.00,188,2
189,363,1,63.00,68.00,2.00,189,3
190,201,1,58.00,60.00,0.00,190,1
191,362,4,63.00,68.00,40.80,191,6
192,23,1,21.00,25.00,3.75,192,6
193,26,3,24.00,28.00,12.60,193,6
194,152,1,69.00,54.00,3.50,194,4
195,340,2,105.00,115.00,0.00,195,1
196,311,1,40.00,50.00,0.00,196,1
197,210,1,34.00,38.00,0.00,197,1
198,193,1,120.00,125.00,12.50,198,2
199,391,1,20.00,23.00,0.00,199,1
200,241,3,35.00,39.00,3.00,200,5
201,74,1,90.00,99.00,9.90,201,2
202,248,1,50.00,55.00,0.00,202,1
203,64,4,110.00,120.00,0.00,203,1
204,221,1,30.00,35.00,3.00,204,5
205,74,1,90.00,99.00,3.00,205,5
206,315,1,50.00,55.00,0.00,206,1
207,111,1,65.00,69.00,6.90,207,2
208,122,1,100.00,109.00,3.50,208,4
209,117,1,80.00,85.00,0.00,209,1
210,180,3,120.00,129.00,0.00,210,1
211,314,1,40.00,50.00,7.50,211,6
212,272,1,65.00,70.00,2.00,212,3
213,323,1,55.00,60.00,0.00,213,1
214,305,1,60.00,65.00,9.75,214,6
215,44,1,36.00,40.00,0.00,215,1
216,268,1,20.00,23.00,3.50,216,4
217,287,1,35.00,45.00,0.00,217,1
218,20,1,18.00,20.00,0.00,218,1
219,343,1,82.00,90.00,0.00,219,1
220,207,1,37.00,40.00,0.00,220,1
221,80,4,140.00,149.00,0.00,221,1
222,59,1,90.00,99.00,9.90,222,2
223,367,1,65.00,70.00,0.00,223,1
224,215,1,40.00,45.00,0.00,224,1
225,282,1,55.00,60.00,0.00,225,1
226,184,4,100.00,110.00,0.00,226,1
227,363,1,63.00,68.00,3.00,227,5
228,275,1,65.00,70.00,2.00,228,3
229,73,1,90.00,99.00,9.90,229,2
230,332,1,100.00,105.00,10.50,230,2
231,254,1,65.00,68.00,0.00,231,1
232,27,2,32.00,36.00,0.00,232,1
233,95,1,50.00,59.00,0.00,233,1
234,222,1,45.00,50.00,0.00,234,1
235,176,1,75.00,79.00,0.00,235,1
236,342,1,82.00,90.00,3.50,236,4
237,91,1,46.00,55.00,0.00,237,1
238,70,4,110.00,120.00,0.00,238,1
239,254,1,65.00,68.00,6.80,239,2
240,161,2,50.00,55.00,3.00,240,5
241,245,1,30.00,35.00,2.00,241,3
242,339,1,105.00,115.00,0.00,242,1
243,160,1,99.00,118.00,11.80,243,2
244,168,1,80.00,84.00,0.00,244,1
245,35,1,26.00,30.00,0.00,245,1
246,170,2,69.00,75.00,2.00,246,3
247,332,1,100.00,105.00,3.00,247,5
248,215,1,40.00,45.00,0.00,248,1
249,105,1,55.00,69.00,0.00,249,1
250,237,1,35.00,40.00,4.00,250,2
251,10,1,16.00,18.00,0.00,251,1
252,265,4,20.00,23.00,2.00,252,3
253,380,4,45.00,50.00,0.00,253,1
254,256,1,70.00,75.00,7.50,254,2
255,156,1,70.00,74.00,0.00,255,1
256,350,2,65.00,70.00,0.00,256,1
257,136,1,70.00,74.00,0.00,257,1
258,291,3,35.00,45.00,20.25,258,6
259,223,2,50.00,55.00,0.00,259,1
260,336,1,102.00,108.00,0.00,260,1
261,229,4,65.00,70.00,3.00,261,5
262,298,1,35.00,45.00,3.00,262,5
263,235,2,135.00,140.00,0.00,263,1
264,383,1,45.00,50.00,0.00,264,1
265,219,1,35.00,40.00,3.50,265,4
266,43,1,36.00,40.00,0.00,266,1
267,141,3,80.00,85.00,0.00,267,1
268,281,1,55.00,60.00,6.00,268,2
269,374,1,38.00,43.00,0.00,269,1
270,39,4,32.00,36.00,14.40,270,2
271,112,4,65.00,69.00,41.40,271,6
272,364,3,63.00,68.00,2.00,272,3
273,295,1,35.00,45.00,0.00,273,1
274,228,1,60.00,65.00,3.00,274,5
275,342,1,82.00,90.00,13.50,275,6
276,384,1,48.00,55.00,8.25,276,6
277,358,3,60.00,65.00,0.00,277,1
278,65,1,110.00,120.00,3.00,278,5
279,209,4,34.00,38.00,0.00,279,1
280,29,1,32.00,36.00,0.00,280,1
281,296,1,35.00,45.00,0.00,281,1
282,126,3,89.00,95.00,0.00,282,1
283,384,1,48.00,55.00,8.25,283,6
284,84,4,140.00,149.00,3.00,284,5
285,135,1,70.00,74.00,7.40,285,2
286,292,1,35.00,45.00,3.00,286,5
287,317,3,50.00,55.00,0.00,287,1
288,123,4,100.00,109.00,3.50,288,4
289,388,4,48.00,55.00,2.00,289,3
290,40,1,32.00,36.00,3.50,290,4
291,101,1,50.00,59.00,0.00,291,1
292,309,4,40.00,50.00,0.00,292,1
293,138,1,80.00,85.00,12.75,293,6
294,82,1,140.00,149.00,0.00,294,1
295,145,1,65.00,69.00,3.50,295,4
296,208,1,40.00,45.00,0.00,296,1
297,108,1,49.00,56.00,2.00,297,3
298,298,1,35.00,45.00,2.00,298,3
299,247,3,28.00,33.00,0.00,299,1
300,395,1,23.00,27.00,0.00,300,1
301,743,1,84.00,90.00,9.00,155,2
302,586,1,32.00,38.00,5.70,299,6
303,515,3,33.00,38.00,11.40,180,2
304,742,2,84.00,90.00,18.00,135,2
305,610,1,50.00,60.00,2.00,178,3
306,588,1,32.00,38.00,3.50,71,4
307,699,2,110.00,120.00,0.00,48,1
308,583,1,33.00,39.00,0.00,224,1
309,538,1,38.00,44.00,6.60,18,6
310,714,1,140.00,150.00,22.50,234,6
311,615,1,69.00,75.00,11.25,201,6
312,436,1,23.00,27.00,0.00,179,1
313,604,1,70.00,75.00,0.00,126,1
314,612,1,80.00,90.00,0.00,254,1
315,402,1,25.00,30.00,3.50,97,4
316,683,1,80.00,95.00,2.00,144,3
317,788,1,35.00,45.00,2.00,19,3
318,528,1,38.00,44.00,2.00,125,3
319,697,2,110.00,120.00,36.00,50,6
320,686,1,80.00,95.00,0.00,250,1
321,602,3,70.00,75.00,0.00,172,1
322,672,1,32.00,45.00,0.00,177,1
323,474,1,25.00,30.00,0.00,273,1
324,729,1,75.00,80.00,0.00,163,1
325,711,2,140.00,150.00,0.00,101,1
326,667,2,26.00,35.00,0.00,183,1
327,430,1,19.00,24.00,0.00,205,1
328,487,4,23.00,28.00,3.00,187,5
329,466,1,24.00,29.00,0.00,273,1
330,779,1,56.00,62.00,0.00,81,1
331,658,1,24.00,35.00,3.00,43,5
332,595,4,42.00,48.00,3.50,181,4
333,547,1,15.00,19.00,3.00,199,5
334,798,1,68.00,75.00,2.00,185,3
335,702,4,110.00,120.00,2.00,29,3
336,418,3,24.00,29.00,0.00,263,1
337,454,1,20.00,24.00,0.00,149,1
338,493,1,28.00,33.00,2.00,197,3
339,525,2,28.00,34.00,0.00,261,1
340,402,1,25.00,30.00,3.00,83,5
341,632,1,100.00,105.00,0.00,10,1
342,486,1,23.00,28.00,3.50,26,4
343,679,1,26.00,35.00,0.00,19,1
344,705,1,90.00,105.00,0.00,11,1
345,771,4,90.00,110.00,66.00,139,6
346,483,1,22.00,27.00,0.00,263,1
347,432,1,28.00,33.00,3.30,233,2
348,687,1,90.00,95.00,3.50,86,4
349,673,1,32.00,45.00,4.50,140,2
350,699,1,110.00,120.00,0.00,286,1
351,709,1,90.00,105.00,3.50,180,4
352,760,1,145.00,170.00,0.00,81,1
353,619,1,70.00,80.00,8.00,7,2
354,421,1,30.00,35.00,3.00,16,5
355,430,1,19.00,24.00,3.00,150,5
356,565,1,16.00,22.00,2.20,132,2
357,628,2,79.00,90.00,0.00,166,1
358,539,1,38.00,44.00,0.00,103,1
359,483,1,22.00,27.00,2.70,156,2
360,800,1,68.00,75.00,0.00,227,1
361,550,4,15.00,19.00,0.00,294,1
362,596,1,42.00,48.00,7.20,83,6
363,522,1,28.00,34.00,2.00,210,3
364,451,4,40.00,45.00,0.00,159,1
365,579,1,20.00,25.00,3.50,106,4
366,591,1,19.00,24.00,0.00,211,1
367,640,4,70.00,80.00,3.00,269,5
368,539,1,38.00,44.00,2.00,98,3
369,721,1,35.00,45.00,4.50,136,2
370,661,1,32.00,35.00,3.00,74,5
371,476,1,25.00,30.00,0.00,73,1
372,770,1,90.00,110.00,3.50,180,4
373,618,1,70.00,80.00,0.00,124,1
374,711,1,140.00,150.00,0.00,167,1
375,436,4,23.00,27.00,0.00,260,1
376,758,2,145.00,170.00,0.00,289,1
377,449,2,40.00,45.00,0.00,203,1
378,498,3,19.00,23.00,3.00,24,5
379,582,1,33.00,39.00,3.90,6,2
380,441,1,27.00,33.00,2.00,38,3
381,522,4,28.00,34.00,0.00,268,1
382,432,1,28.00,33.00,0.00,188,1
383,451,3,40.00,45.00,0.00,109,1
384,748,1,95.00,110.00,2.00,278,3
385,467,4,24.00,29.00,2.00,17,3
386,619,4,70.00,80.00,0.00,59,1
387,774,1,45.00,55.00,3.50,21,4
388,533,4,38.00,44.00,0.00,18,1
389,643,1,72.00,80.00,2.00,50,3
390,597,1,42.00,48.00,7.20,56,6
391,557,2,16.00,20.00,3.50,199,4
392,639,2,70.00,80.00,3.00,144,5
393,486,2,23.00,28.00,0.00,271,1
394,688,1,90.00,95.00,3.00,75,5
395,689,1,90.00,95.00,0.00,12,1
396,506,1,15.00,19.00,3.00,246,5
397,588,1,32.00,38.00,3.80,103,2
398,423,1,30.00,35.00,0.00,286,1
399,534,1,38.00,44.00,6.60,236,6
400,793,2,50.00,60.00,3.50,147,4
401,653,4,21.00,35.00,3.50,147,4
402,769,3,150.00,160.00,0.00,155,1
403,486,3,23.00,28.00,3.50,47,4
404,417,1,24.00,29.00,0.00,188,1
405,707,1,90.00,105.00,2.00,172,3
406,589,1,32.00,38.00,3.80,248,2
407,736,4,65.00,75.00,0.00,52,1
408,485,1,22.00,27.00,0.00,123,1
409,713,1,140.00,150.00,0.00,97,1
410,703,1,90.00,105.00,0.00,64,1
411,618,1,70.00,80.00,0.00,67,1
412,516,1,33.00,38.00,0.00,244,1
413,579,1,20.00,25.00,3.00,37,5
414,549,1,15.00,19.00,0.00,84,1
415,612,3,80.00,90.00,0.00,46,1
416,450,1,40.00,45.00,0.00,112,1
417,676,1,36.00,45.00,3.00,258,5
418,615,3,69.00,75.00,33.75,197,6
419,746,4,120.00,125.00,3.00,90,5
420,407,3,29.00,34.00,3.00,294,5
421,703,1,90.00,105.00,2.00,156,3
422,671,1,32.00,45.00,0.00,78,1
423,478,1,22.00,27.00,0.00,39,1
424,719,3,35.00,45.00,0.00,136,1
425,777,1,45.00,55.00,3.50,293,4
426,735,1,65.00,75.00,0.00,76,1
427,416,1,23.00,28.00,2.00,42,3
428,792,1,40.00,45.00,0.00,35,1
429,792,2,40.00,45.00,0.00,94,1
430,613,1,80.00,90.00,3.00,258,5
431,738,3,63.00,75.00,3.50,155,4
432,717,1,140.00,150.00,0.00,80,1
433,546,1,15.00,19.00,2.85,282,6
434,763,1,100.00,120.00,0.00,200,1
435,480,1,22.00,27.00,0.00,148,1
436,790,1,40.00,45.00,0.00,36,1
437,458,4,22.00,28.00,3.50,62,4
438,507,1,15.00,19.00,2.85,43,6
439,757,1,145.00,170.00,0.00,248,1
440,653,1,21.00,35.00,0.00,149,1
441,776,3,45.00,55.00,0.00,221,1
442,543,1,16.00,20.00,0.00,218,1
443,671,3,32.00,45.00,0.00,252,1
444,632,1,100.00,105.00,10.50,71,2
445,512,2,35.00,40.00,0.00,192,1
446,786,1,35.00,45.00,2.00,250,3
447,789,2,40.00,45.00,0.00,135,1
448,770,2,90.00,110.00,3.50,16,4
449,591,1,19.00,24.00,2.00,287,3
450,682,3,26.00,35.00,0.00,278,1
451,732,1,70.00,80.00,8.00,66,2
452,733,1,65.00,75.00,3.50,131,4
453,657,1,24.00,35.00,0.00,20,1
454,432,2,28.00,33.00,0.00,258,1
455,756,3,145.00,170.00,0.00,10,1
456,688,4,90.00,95.00,0.00,264,1
457,621,1,70.00,80.00,3.00,185,5
458,474,1,25.00,30.00,0.00,151,1
459,488,3,23.00,28.00,0.00,47,1
460,541,4,38.00,44.00,17.60,217,2
461,589,1,32.00,38.00,0.00,143,1
462,644,1,56.00,65.00,2.00,251,3
463,469,2,24.00,29.00,0.00,156,1
464,612,3,80.00,90.00,3.50,196,4
465,470,1,24.00,29.00,2.90,172,2
466,573,4,32.00,38.00,2.00,146,3
467,682,1,26.00,35.00,2.00,271,3
468,561,1,18.00,24.00,0.00,259,1
469,688,1,90.00,95.00,0.00,290,1
470,546,1,15.00,19.00,3.00,14,5
471,719,1,35.00,45.00,2.00,61,3
472,621,1,70.00,80.00,0.00,272,1
473,696,4,110.00,120.00,48.00,147,2
474,574,2,32.00,38.00,3.00,75,5
475,755,1,105.00,110.00,3.00,138,5
476,559,1,18.00,24.00,3.50,22,4
477,527,3,38.00,44.00,0.00,104,1
478,707,1,90.00,105.00,0.00,160,1
479,600,2,16.00,22.00,0.00,115,1
480,633,1,50.00,60.00,2.00,92,3
481,682,1,26.00,35.00,0.00,135,1
482,533,1,38.00,44.00,0.00,115,1
483,575,1,19.00,24.00,0.00,29,1
484,538,2,38.00,44.00,0.00,188,1
485,569,3,28.00,34.00,15.30,40,6
486,701,1,110.00,120.00,12.00,79,2
487,497,1,23.00,27.00,2.70,156,2
488,445,4,22.00,26.00,0.00,25,1
489,617,1,69.00,75.00,2.00,200,3
490,608,4,50.00,60.00,0.00,288,1
491,724,1,25.00,45.00,0.00,110,1
492,693,3,90.00,95.00,28.50,135,2
493,470,1,24.00,29.00,0.00,124,1
494,483,4,22.00,27.00,0.00,173,1
495,522,1,28.00,34.00,3.00,270,5
496,455,1,20.00,24.00,3.60,266,6
497,574,2,32.00,38.00,11.40,288,6
498,624,1,79.00,90.00,13.50,155,6
499,734,1,65.00,75.00,3.00,243,5
500,543,2,16.00,20.00,0.00,30,1
501,586,1,32.00,38.00,3.50,110,4
502,597,3,42.00,48.00,3.50,98,4
503,595,1,42.00,48.00,0.00,76,1
504,454,2,20.00,24.00,7.20,171,6
505,492,3,28.00,33.00,2.00,255,3
506,573,1,32.00,38.00,0.00,88,1
507,674,1,36.00,45.00,0.00,257,1
508,639,1,70.00,80.00,3.00,236,5
509,481,1,22.00,27.00,0.00,154,1
510,610,1,50.00,60.00,0.00,133,1
511,791,1,40.00,45.00,0.00,252,1
512,695,1,110.00,120.00,0.00,188,1
513,456,1,22.00,28.00,3.00,156,5
514,634,1,50.00,60.00,0.00,173,1
515,690,1,90.00,95.00,9.50,173,2
516,649,1,56.00,65.00,3.00,76,5
517,629,1,79.00,90.00,13.50,288,6
518,768,3,150.00,160.00,3.00,243,5
519,520,1,28.00,34.00,0.00,276,1
520,646,1,56.00,65.00,0.00,103,1
521,683,1,80.00,95.00,3.50,292,4
522,519,3,28.00,34.00,0.00,55,1
523,692,1,90.00,95.00,14.25,110,6
524,416,1,23.00,28.00,3.00,215,5
525,733,1,65.00,75.00,11.25,45,6
526,691,1,90.00,95.00,0.00,212,1
527,776,1,45.00,55.00,0.00,196,1
528,411,1,30.00,35.00,0.00,255,1
529,604,1,70.00,75.00,11.25,23,6
530,749,2,95.00,110.00,0.00,137,1
531,401,1,25.00,30.00,0.00,202,1
532,601,1,70.00,75.00,0.00,58,1
533,425,1,19.00,24.00,0.00,280,1
534,476,1,25.00,30.00,0.00,59,1
535,426,1,19.00,24.00,0.00,237,1
536,629,2,79.00,90.00,0.00,187,1
537,459,1,22.00,28.00,3.00,129,5
538,457,4,22.00,28.00,0.00,71,1
539,738,2,63.00,75.00,15.00,94,2
540,692,4,90.00,95.00,0.00,258,1
541,590,2,19.00,24.00,0.00,3,1
542,443,3,27.00,33.00,9.90,62,2
543,755,1,105.00,110.00,0.00,239,1
544,658,3,24.00,35.00,0.00,54,1
545,775,1,45.00,55.00,0.00,52,1
546,714,1,140.00,150.00,3.00,228,5
547,774,1,45.00,55.00,0.00,19,1
548,598,1,16.00,22.00,2.20,96,2
549,672,1,32.00,45.00,3.00,289,5
550,500,1,19.00,23.00,3.50,59,4
551,463,1,24.00,29.00,0.00,51,1
552,422,1,30.00,35.00,0.00,290,1
553,764,2,100.00,120.00,0.00,49,1
554,783,2,60.00,62.00,18.60,126,6
555,423,1,30.00,35.00,0.00,159,1
556,414,2,23.00,28.00,0.00,281,1
557,594,4,42.00,48.00,2.00,149,3
558,533,1,38.00,44.00,0.00,192,1
559,513,4,35.00,40.00,0.00,43,1
560,545,4,16.00,20.00,3.00,208,5
561,613,1,80.00,90.00,0.00,59,1
562,701,1,110.00,120.00,3.50,242,4
563,690,3,90.00,95.00,3.50,149,4
564,566,1,28.00,34.00,0.00,166,1
565,674,1,36.00,45.00,3.50,182,4
566,429,4,19.00,24.00,3.00,219,5
567,627,1,79.00,90.00,0.00,11,1
568,557,1,16.00,20.00,0.00,188,1
569,673,1,32.00,45.00,3.50,43,4
570,788,1,35.00,45.00,0.00,158,1
571,476,1,25.00,30.00,0.00,61,1
572,533,4,38.00,44.00,26.40,82,6
573,547,1,15.00,19.00,0.00,224,1
574,719,1,35.00,45.00,0.00,14,1
575,440,1,27.00,33.00,3.50,281,4
576,581,4,33.00,39.00,0.00,173,1
577,561,1,18.00,24.00,0.00,66,1
578,678,1,26.00,35.00,0.00,202,1
579,522,4,28.00,34.00,3.50,103,4
580,740,1,63.00,75.00,7.50,55,2
581,480,1,22.00,27.00,0.00,79,1
582,452,1,20.00,24.00,3.50,16,4
583,702,1,110.00,120.00,0.00,142,1
584,688,1,90.00,95.00,0.00,185,1
585,750,1,95.00,110.00,0.00,217,1
586,479,1,22.00,27.00,0.00,283,1
587,720,1,35.00,45.00,4.50,205,2
588,637,3,60.00,70.00,0.00,31,1
589,499,1,19.00,23.00,3.00,195,5
590,494,2,23.00,27.00,0.00,215,1
591,728,1,75.00,80.00,0.00,252,1
592,536,1,38.00,44.00,0.00,221,1
593,472,2,24.00,29.00,3.50,296,4
594,667,1,26.00,35.00,0.00,239,1
595,561,1,18.00,24.00,2.40,173,2
596,744,1,84.00,90.00,2.00,241,3
597,712,1,140.00,150.00,0.00,115,1
598,451,1,40.00,45.00,6.75,170,6
599,709,4,90.00,105.00,3.00,123,5
600,687,1,90.00,95.00,0.00,299,1
601,84,1,140.00,149.00,2.00,301,3
602,9,1,16.00,18.00,3.50,302,4
603,9,2,16.00,18.00,0.00,303,1
604,99,2,50.00,59.00,3.50,304,4
605,57,2,90.00,99.00,2.00,305,3
606,32,2,26.00,30.00,2.00,306,3
607,67,2,110.00,120.00,0.00,307,1
608,71,3,90.00,99.00,29.70,308,2
609,84,1,140.00,149.00,22.35,309,6
610,70,1,110.00,120.00,0.00,310,1
611,20,3,18.00,20.00,3.50,311,4
612,55,1,90.00,99.00,0.00,312,1
613,53,2,80.00,89.00,26.70,313,6
614,61,1,90.00,99.00,0.00,314,1
615,19,4,18.00,20.00,2.00,315,3
616,99,1,50.00,59.00,3.00,316,5
617,61,1,90.00,99.00,3.50,317,4
618,35,4,26.00,30.00,0.00,318,1
619,52,2,80.00,89.00,0.00,319,1
620,6,1,14.00,16.00,1.60,320,2
621,98,2,50.00,59.00,17.70,321,6
622,33,3,26.00,30.00,9.00,322,2
623,20,1,18.00,20.00,2.00,323,2
624,88,3,46.00,55.00,0.00,324,1
625,77,1,90.00,99.00,3.50,325,4
626,79,2,140.00,149.00,0.00,326,1
627,12,1,18.00,20.00,2.00,327,3
628,61,2,90.00,99.00,3.00,328,5
629,50,2,26.00,30.00,6.00,329,2
630,53,1,80.00,89.00,13.35,330,6
631,40,1,32.00,36.00,0.00,331,1
632,25,4,24.00,28.00,16.80,332,6
633,39,2,32.00,36.00,0.00,333,1
634,67,2,110.00,120.00,0.00,334,1
635,60,1,90.00,99.00,9.90,335,2
636,73,2,90.00,99.00,0.00,336,1
637,50,1,26.00,30.00,4.50,337,6
638,85,3,140.00,149.00,0.00,338,1
639,76,1,90.00,99.00,0.00,339,1
640,44,2,36.00,40.00,0.00,340,1
641,64,1,110.00,120.00,18.00,341,6
642,5,3,22.00,26.00,11.70,342,6
643,24,1,24.00,28.00,3.50,343,4
644,91,2,46.00,55.00,0.00,344,1
645,19,2,18.00,20.00,3.00,345,5
646,99,4,50.00,59.00,0.00,346,1
647,63,1,110.00,120.00,0.00,347,1
648,37,2,36.00,40.00,8.00,348,2
649,26,2,24.00,28.00,3.50,349,4
650,95,1,50.00,59.00,8.85,350,6
651,24,1,24.00,28.00,0.00,351,1
652,40,3,32.00,36.00,3.50,352,4
653,77,1,90.00,99.00,14.85,353,6
654,32,1,26.00,30.00,3.00,354,2
655,11,1,16.00,18.00,0.00,355,1
656,96,4,50.00,59.00,0.00,356,1
657,49,1,26.00,30.00,3.00,357,2
658,27,2,32.00,36.00,2.00,358,3
659,34,1,26.00,30.00,3.50,359,4
660,39,1,32.00,36.00,2.00,360,3
661,12,2,18.00,20.00,0.00,361,1
662,29,1,32.00,36.00,2.00,362,3
663,22,1,21.00,25.00,2.00,363,3
664,31,2,26.00,30.00,6.00,364,2
665,81,3,140.00,149.00,3.00,365,5
666,67,2,110.00,120.00,3.00,366,5
667,57,1,90.00,99.00,14.85,367,6
668,36,2,36.00,40.00,0.00,368,1
669,79,1,140.00,149.00,0.00,369,1
670,92,2,46.00,55.00,2.00,370,3
671,21,1,21.00,25.00,3.75,371,6
672,30,2,26.00,30.00,3.00,372,5
673,11,2,16.00,18.00,3.50,373,4
674,90,1,46.00,55.00,0.00,374,1
675,41,1,32.00,36.00,0.00,375,1
676,96,1,50.00,59.00,2.00,376,3
677,46,2,26.00,30.00,0.00,377,1
678,6,1,14.00,16.00,3.00,378,5
679,78,2,90.00,99.00,0.00,379,1
680,92,1,46.00,55.00,0.00,380,1
681,70,4,110.00,120.00,3.00,381,5
682,7,1,14.00,16.00,0.00,382,1
683,1,1,21.00,25.00,0.00,383,1
684,98,1,50.00,59.00,0.00,384,1
685,60,1,90.00,99.00,3.50,385,4
686,81,1,140.00,149.00,14.90,386,2
687,37,4,36.00,40.00,2.00,387,3
688,92,1,46.00,55.00,0.00,388,1
689,74,4,90.00,99.00,0.00,389,1
690,36,1,36.00,40.00,3.50,390,4
691,87,1,46.00,55.00,0.00,391,1
692,85,1,140.00,149.00,0.00,392,1
693,78,1,90.00,99.00,9.90,393,2
694,63,3,110.00,120.00,3.00,394,5
695,42,2,36.00,40.00,3.00,395,5
696,36,2,36.00,40.00,12.00,396,6
697,48,1,26.00,30.00,0.00,397,1
698,64,1,110.00,120.00,3.00,398,5
699,58,2,90.00,99.00,0.00,399,1
700,24,1,24.00,28.00,2.80,400,2
701,7,2,14.00,16.00,2.00,401,3
702,66,2,110.00,120.00,3.00,402,5
703,65,1,110.00,120.00,12.00,403,2
704,36,2,36.00,40.00,3.50,404,4
705,99,4,50.00,59.00,3.00,405,5
706,62,1,90.00,99.00,0.00,406,1
707,1,1,21.00,25.00,0.00,407,1
708,19,3,18.00,20.00,2.00,408,3
709,7,3,14.00,16.00,0.00,409,1
710,69,2,110.00,120.00,3.50,410,4
711,29,4,32.00,36.00,0.00,411,1
712,78,2,90.00,99.00,29.70,412,6
713,64,3,110.00,120.00,3.50,413,4
714,80,2,140.00,149.00,29.80,414,2
715,54,1,80.00,89.00,13.35,415,6
716,39,4,32.00,36.00,0.00,416,1
717,9,3,16.00,18.00,0.00,417,1
718,40,2,32.00,36.00,10.80,418,6
719,48,3,26.00,30.00,0.00,419,1
720,10,3,16.00,18.00,3.00,420,5
721,4,1,22.00,26.00,0.00,421,1
722,1,1,21.00,25.00,0.00,422,1
723,75,3,90.00,99.00,29.70,423,2
724,89,3,46.00,55.00,2.00,424,3
725,95,2,50.00,59.00,0.00,425,1
726,18,1,18.00,20.00,2.00,426,2
727,38,2,36.00,40.00,0.00,427,1
728,22,4,21.00,25.00,3.00,428,5
729,88,2,46.00,55.00,0.00,429,1
730,81,2,140.00,149.00,2.00,430,3
731,17,1,18.00,20.00,3.00,431,5
732,1,1,21.00,25.00,3.00,432,5
733,90,1,46.00,55.00,3.00,433,5
734,24,1,24.00,28.00,0.00,434,1
735,62,3,90.00,99.00,2.00,435,3
736,53,1,80.00,89.00,3.00,436,5
737,6,1,14.00,16.00,2.40,437,6
738,32,3,26.00,30.00,0.00,438,1
739,52,1,80.00,89.00,0.00,439,1
740,73,2,90.00,99.00,0.00,440,1
741,17,1,18.00,20.00,0.00,441,1
742,38,2,36.00,40.00,0.00,442,1
743,48,1,26.00,30.00,0.00,443,1
744,79,1,140.00,149.00,14.90,444,2
745,74,1,90.00,99.00,0.00,445,1
746,3,1,22.00,26.00,2.60,446,2
747,91,1,46.00,55.00,0.00,447,1
748,17,1,18.00,20.00,0.00,448,1
749,69,4,110.00,120.00,3.00,449,5
750,92,2,46.00,55.00,0.00,450,1
751,26,1,24.00,28.00,0.00,451,1
752,32,1,26.00,30.00,3.50,452,4
753,86,1,140.00,149.00,0.00,453,1
754,6,2,14.00,16.00,0.00,454,1
755,57,1,90.00,99.00,0.00,455,1
756,69,1,110.00,120.00,3.50,456,4
757,37,3,36.00,40.00,0.00,457,1
758,36,1,36.00,40.00,0.00,458,1
759,52,1,80.00,89.00,0.00,459,1
760,5,2,22.00,26.00,0.00,460,1
761,34,2,26.00,30.00,0.00,461,1
762,31,2,26.00,30.00,6.00,462,2
763,65,1,110.00,120.00,0.00,463,1
764,95,1,50.00,59.00,2.00,464,3
765,54,4,80.00,89.00,3.00,465,5
766,20,2,18.00,20.00,6.00,466,6
767,44,3,36.00,40.00,2.00,467,3
768,87,2,46.00,55.00,2.00,468,3
769,88,2,46.00,55.00,0.00,469,1
770,10,1,16.00,18.00,0.00,470,1
771,36,1,36.00,40.00,0.00,471,1
772,62,1,90.00,99.00,0.00,472,1
773,4,1,22.00,26.00,0.00,473,1
774,53,1,80.00,89.00,3.00,474,5
775,6,3,14.00,16.00,3.00,475,5
776,73,1,90.00,99.00,2.00,476,3
777,46,2,26.00,30.00,0.00,477,1
778,72,1,90.00,99.00,14.85,478,6
779,34,1,26.00,30.00,2.00,479,3
780,13,1,18.00,20.00,2.00,480,2
781,44,2,36.00,40.00,2.00,481,3
782,67,4,110.00,120.00,0.00,482,1
783,68,1,110.00,120.00,0.00,483,1
784,18,1,18.00,20.00,0.00,484,1
785,33,2,26.00,30.00,0.00,485,1
786,45,2,26.00,30.00,0.00,486,1
787,30,2,26.00,30.00,3.00,487,5
788,99,4,50.00,59.00,0.00,488,1
789,81,1,140.00,149.00,0.00,489,1
790,62,3,90.00,99.00,0.00,490,1
791,7,1,14.00,16.00,0.00,491,1
792,60,2,90.00,99.00,0.00,492,1
793,84,1,140.00,149.00,0.00,493,1
794,49,1,26.00,30.00,3.50,494,4
795,85,1,140.00,149.00,3.50,495,4
796,19,2,18.00,20.00,2.00,496,3
797,75,2,90.00,99.00,2.00,497,3
798,69,3,110.00,120.00,0.00,498,1
799,91,1,46.00,55.00,3.50,499,4
800,84,2,140.00,149.00,44.70,500,6
801,66,1,14.00,120.00,12.00,501,2
802,66,2,90.00,120.00,0.00,502,1
803,30,1,26.00,30.00,2.00,503,3
804,55,1,90.00,99.00,2.00,504,3
805,30,4,26.00,30.00,12.00,505,2
806,63,4,18.00,120.00,0.00,506,1
807,42,3,36.00,40.00,3.50,507,4
808,47,1,110.00,30.00,2.00,508,3
809,31,1,110.00,30.00,0.00,509,1
810,71,1,18.00,99.00,0.00,510,1
811,79,4,26.00,149.00,0.00,511,1
812,71,1,26.00,99.00,0.00,512,1
813,61,1,26.00,99.00,9.90,513,2
814,36,2,50.00,40.00,0.00,514,1
815,93,2,140.00,55.00,0.00,515,1
816,2,4,90.00,25.00,0.00,516,1
817,56,1,14.00,99.00,14.85,517,6
818,40,1,90.00,36.00,0.00,518,1
819,7,2,140.00,16.00,4.80,519,6
820,25,1,26.00,28.00,2.80,520,2
821,52,1,140.00,89.00,3.50,521,4
822,86,1,18.00,149.00,2.00,522,3
823,92,1,90.00,55.00,0.00,523,1
824,92,2,110.00,55.00,3.00,524,5
825,98,1,46.00,59.00,0.00,525,1
826,76,1,140.00,99.00,0.00,526,1
827,4,1,110.00,26.00,3.90,527,6
828,26,3,110.00,28.00,0.00,528,1
829,26,1,26.00,28.00,0.00,529,1
830,84,1,90.00,149.00,3.50,530,4
831,22,4,26.00,25.00,10.00,531,2
832,3,3,110.00,26.00,0.00,532,1
833,85,1,36.00,149.00,0.00,533,1
834,81,1,26.00,149.00,0.00,534,1
835,74,1,26.00,99.00,3.00,535,5
836,40,4,90.00,36.00,3.50,536,4
837,10,4,140.00,18.00,3.00,537,5
838,27,1,90.00,36.00,3.60,538,2
839,4,1,90.00,26.00,3.90,539,6
840,82,2,36.00,149.00,0.00,540,1
841,16,1,46.00,20.00,0.00,541,1
842,53,1,21.00,89.00,3.00,542,5
843,2,1,90.00,25.00,0.00,543,1
844,54,1,32.00,89.00,0.00,544,1
845,12,1,14.00,20.00,3.00,545,6
846,27,1,24.00,36.00,3.60,546,2
847,14,3,80.00,20.00,0.00,547,1
848,16,4,140.00,20.00,0.00,548,1
849,85,1,46.00,149.00,0.00,549,1
850,58,4,46.00,99.00,0.00,550,1
851,40,4,50.00,36.00,0.00,551,1
852,94,1,90.00,55.00,0.00,552,1
853,35,4,22.00,30.00,3.50,553,4
854,69,1,24.00,120.00,3.50,554,4
855,76,1,24.00,99.00,0.00,555,1
856,3,3,140.00,26.00,0.00,556,1
857,27,2,21.00,36.00,2.00,557,3
858,97,3,22.00,59.00,2.00,558,3
859,70,2,140.00,120.00,0.00,559,1
860,26,1,140.00,28.00,3.00,560,5
861,100,1,90.00,59.00,3.50,561,4
862,30,4,32.00,30.00,18.00,562,6
863,23,1,16.00,25.00,3.75,563,6
864,9,1,32.00,18.00,3.00,564,5
865,57,3,22.00,99.00,0.00,565,1
866,28,1,140.00,36.00,0.00,566,1
867,36,1,18.00,40.00,0.00,567,1
868,69,1,80.00,120.00,2.00,568,3
869,12,1,21.00,20.00,0.00,569,1
870,72,1,80.00,99.00,0.00,570,1
871,92,2,18.00,55.00,0.00,571,1
872,2,2,32.00,25.00,0.00,572,1
873,61,1,18.00,99.00,0.00,573,1
874,24,1,18.00,28.00,0.00,574,1
875,40,2,140.00,36.00,2.00,575,3
876,78,1,90.00,99.00,0.00,576,1
877,95,1,32.00,59.00,2.00,577,3
878,64,1,46.00,120.00,0.00,578,1
879,8,1,26.00,16.00,0.00,579,1
880,87,2,110.00,55.00,0.00,580,1
881,69,1,90.00,120.00,0.00,581,1
882,68,1,22.00,120.00,0.00,582,1
883,41,1,32.00,36.00,0.00,583,1
884,92,1,50.00,55.00,0.00,584,1
885,61,3,110.00,99.00,2.00,585,3
886,84,1,24.00,149.00,0.00,586,1
887,67,2,50.00,120.00,24.00,587,2
888,88,1,26.00,55.00,3.00,588,5
889,1,1,21.00,25.00,0.00,589,1
890,18,3,16.00,20.00,0.00,590,1
891,19,1,90.00,20.00,3.50,591,4
892,47,3,32.00,30.00,0.00,592,1
893,14,1,36.00,20.00,3.50,593,4
894,14,1,110.00,20.00,0.00,594,1
895,25,1,18.00,28.00,0.00,595,1
896,56,1,90.00,99.00,0.00,596,1
897,72,1,46.00,99.00,0.00,597,1
898,96,4,21.00,59.00,0.00,598,1
899,86,1,90.00,149.00,0.00,599,1
900,4,3,24.00,26.00,0.00,600,1
901,199,2,45.00,59.00,0.00,655,1
902,20,2,18.00,20.00,0.00,815,1
903,86,1,140.00,149.00,0.00,762,1
904,93,1,46.00,55.00,3.50,767,4
905,193,4,120.00,125.00,50.00,795,2
906,121,1,79.00,84.00,3.00,787,5
907,36,1,36.00,40.00,0.00,875,1
908,171,2,69.00,75.00,3.00,680,5
909,148,1,55.00,59.00,2.00,631,3
910,105,1,55.00,69.00,10.35,749,6
911,42,1,36.00,40.00,0.00,792,1
912,94,1,46.00,55.00,0.00,651,1
913,16,1,18.00,20.00,0.00,720,1
914,200,1,45.00,59.00,5.90,889,2
915,85,2,140.00,149.00,0.00,882,1
916,193,1,120.00,125.00,0.00,619,1
917,51,1,80.00,89.00,0.00,834,1
918,84,3,140.00,149.00,67.05,624,6
919,143,4,65.00,69.00,0.00,782,1
920,92,1,46.00,55.00,0.00,877,1
921,165,2,80.00,84.00,25.20,601,6
922,169,3,69.00,75.00,0.00,807,1
923,109,3,49.00,56.00,25.20,862,6
924,194,2,115.00,119.00,0.00,782,1
925,147,3,55.00,59.00,3.50,867,4
926,173,1,79.00,85.00,8.50,686,2
927,56,3,90.00,99.00,0.00,757,1
928,168,1,80.00,84.00,2.00,650,3
929,103,1,55.00,69.00,10.35,671,6
930,69,1,110.00,120.00,0.00,733,1
931,200,1,45.00,59.00,0.00,853,1
932,42,2,36.00,40.00,0.00,878,1
933,5,1,22.00,26.00,3.50,729,4
934,75,4,90.00,99.00,0.00,734,1
935,80,1,140.00,149.00,0.00,779,1
936,193,1,120.00,125.00,2.00,609,3
937,180,1,120.00,129.00,19.35,633,6
938,57,1,90.00,99.00,3.50,784,4
939,29,4,32.00,36.00,3.50,635,4
940,51,1,80.00,89.00,2.00,715,3
941,89,2,46.00,55.00,2.00,688,3
942,124,2,100.00,109.00,3.00,723,5
943,22,1,21.00,25.00,3.75,835,6
944,51,1,80.00,89.00,0.00,736,1
945,185,1,100.00,110.00,0.00,873,1
946,185,1,100.00,110.00,11.00,734,2
947,186,1,99.00,109.00,0.00,774,1
948,156,1,70.00,74.00,0.00,796,1
949,6,1,14.00,16.00,0.00,684,1
950,30,1,26.00,30.00,3.00,609,2
951,166,1,80.00,84.00,0.00,669,1
952,19,2,18.00,20.00,0.00,810,1
953,166,1,80.00,84.00,0.00,670,1
954,89,1,46.00,55.00,0.00,605,1
955,190,2,120.00,125.00,3.50,695,4
956,27,1,32.00,36.00,5.40,780,6
957,130,1,89.00,95.00,2.00,803,3
958,100,1,50.00,59.00,0.00,737,1
959,28,1,32.00,36.00,3.50,662,4
960,88,1,46.00,55.00,0.00,808,1
961,58,1,90.00,99.00,3.50,652,4
962,158,1,99.00,118.00,11.80,737,2
963,188,1,99.00,109.00,3.00,631,5
964,43,1,36.00,40.00,2.00,741,3
965,50,4,26.00,30.00,0.00,811,1
966,5,2,22.00,26.00,5.20,813,2
967,69,1,110.00,120.00,0.00,727,1
968,135,4,70.00,74.00,0.00,823,1
969,177,4,75.00,79.00,0.00,659,1
970,11,1,16.00,18.00,0.00,611,1
971,35,1,26.00,30.00,0.00,857,1
972,130,1,89.00,95.00,0.00,628,1
973,61,3,90.00,99.00,3.50,744,4
974,100,2,50.00,59.00,11.80,682,2
975,185,1,100.00,110.00,0.00,870,1
976,44,1,36.00,40.00,6.00,737,6
977,22,1,21.00,25.00,0.00,715,1
978,185,1,100.00,110.00,0.00,611,1
979,109,1,49.00,56.00,3.00,685,5
980,109,1,49.00,56.00,0.00,614,1
981,42,1,36.00,40.00,0.00,686,1
982,58,2,90.00,99.00,3.00,819,5
983,31,4,26.00,30.00,12.00,844,2
984,160,4,99.00,118.00,2.00,882,3
985,165,4,80.00,84.00,0.00,608,1
986,150,1,69.00,54.00,2.00,744,3
987,33,1,26.00,30.00,4.50,692,6
988,59,2,90.00,99.00,3.50,881,4
989,16,1,18.00,20.00,3.50,692,4
990,118,3,80.00,85.00,0.00,809,1
991,118,1,80.00,85.00,2.00,882,3
992,90,1,46.00,55.00,2.00,764,3
993,151,1,69.00,54.00,0.00,843,1
994,57,1,90.00,99.00,0.00,639,1
995,171,1,69.00,75.00,0.00,613,1
996,33,1,26.00,30.00,0.00,687,1
997,76,4,90.00,99.00,39.60,633,2
998,35,4,26.00,30.00,18.00,767,6
999,17,4,18.00,20.00,3.00,797,5
1000,136,1,70.00,74.00,3.00,844,5
1001,87,3,46.00,55.00,0.00,609,1
1002,37,1,36.00,40.00,0.00,714,1
1003,156,1,70.00,74.00,0.00,704,1
1004,128,1,89.00,95.00,9.50,814,2
1005,41,4,32.00,36.00,2.00,766,3
1006,101,1,50.00,59.00,3.50,819,4
1007,111,1,65.00,69.00,3.00,790,5
1008,69,1,110.00,120.00,3.50,700,4
1009,167,1,80.00,84.00,0.00,781,1
1010,141,4,80.00,85.00,34.00,879,2
1011,31,2,26.00,30.00,0.00,671,1
1012,164,1,50.00,55.00,0.00,679,1
1013,35,2,26.00,30.00,0.00,862,1
1014,39,1,32.00,36.00,5.40,754,6
1015,158,1,99.00,118.00,2.00,781,3
1016,30,1,26.00,30.00,0.00,802,1
1017,69,2,110.00,120.00,0.00,840,1
1018,57,1,90.00,99.00,0.00,702,1
1019,161,3,50.00,55.00,0.00,815,1
1020,55,1,90.00,99.00,3.50,669,4
1021,53,1,80.00,89.00,0.00,638,1
1022,45,1,26.00,30.00,3.00,815,2
1023,168,1,80.00,84.00,0.00,882,1
1024,163,1,50.00,55.00,0.00,793,1
1025,15,1,18.00,20.00,0.00,890,1
1026,199,1,45.00,59.00,0.00,863,1
1027,169,1,69.00,75.00,0.00,837,1
1028,34,1,26.00,30.00,2.00,834,3
1029,15,1,18.00,20.00,0.00,690,1
1030,69,4,110.00,120.00,72.00,783,6
1031,175,4,79.00,85.00,51.00,857,6
1032,77,1,90.00,99.00,3.50,739,4
1033,110,4,65.00,69.00,0.00,803,1
1034,180,1,120.00,129.00,3.00,681,5
1035,198,4,45.00,59.00,0.00,806,1
1036,122,1,100.00,109.00,3.00,637,5
1037,57,1,90.00,99.00,2.00,807,3
1038,114,1,99.00,119.00,11.90,889,2
1039,117,1,80.00,85.00,0.00,747,1
1040,37,2,36.00,40.00,3.50,804,4
1041,34,4,26.00,30.00,0.00,612,1
1042,176,1,75.00,79.00,3.50,671,4
1043,22,1,21.00,25.00,0.00,781,1
1044,88,3,46.00,55.00,3.50,651,4
1045,71,2,90.00,99.00,0.00,719,1
1046,146,1,55.00,59.00,3.50,632,4
1047,84,1,140.00,149.00,0.00,659,1
1048,68,1,110.00,120.00,0.00,862,1
1049,41,1,32.00,36.00,3.00,648,5
1050,109,1,49.00,56.00,0.00,885,1
1051,13,3,18.00,20.00,0.00,749,1
1052,2,1,21.00,25.00,0.00,864,1
1053,143,1,65.00,69.00,3.00,610,5
1054,89,1,46.00,55.00,3.00,709,5
1055,57,3,90.00,99.00,2.00,828,3
1056,194,1,115.00,119.00,0.00,740,1
1057,15,1,18.00,20.00,0.00,881,1
1058,28,3,32.00,36.00,0.00,833,1
1059,193,1,120.00,125.00,3.00,806,5
1060,128,3,89.00,95.00,28.50,806,2
1061,188,1,99.00,109.00,0.00,601,1
1062,9,1,16.00,18.00,1.80,686,2
1063,100,1,50.00,59.00,3.00,725,5
1064,77,1,90.00,99.00,0.00,673,1
1065,27,1,32.00,36.00,0.00,816,1
1066,134,1,70.00,74.00,3.50,885,4
1067,71,2,90.00,99.00,29.70,700,6
1068,147,2,55.00,59.00,17.70,832,6
1069,154,1,70.00,74.00,0.00,884,1
1070,45,2,26.00,30.00,0.00,740,1
1071,27,1,32.00,36.00,0.00,856,1
1072,200,1,45.00,59.00,0.00,700,1
1073,73,1,90.00,99.00,9.90,748,2
1074,119,4,79.00,84.00,2.00,613,3
1075,7,3,14.00,16.00,0.00,619,1
1076,173,1,79.00,85.00,0.00,622,1
1077,172,1,69.00,75.00,0.00,651,1
1078,102,3,55.00,69.00,20.70,889,2
1079,7,4,14.00,16.00,9.60,778,6
1080,129,1,89.00,95.00,0.00,832,1
1081,115,1,99.00,119.00,2.00,782,3
1082,179,1,75.00,79.00,0.00,714,1
1083,83,1,140.00,149.00,3.00,685,5
1084,43,1,36.00,40.00,3.50,661,4
1085,130,1,89.00,95.00,14.25,662,6
1086,162,1,50.00,55.00,0.00,760,1
1087,18,1,18.00,20.00,2.00,727,2
1088,121,4,79.00,84.00,0.00,886,1
1089,6,3,14.00,16.00,3.00,670,5
1090,54,1,80.00,89.00,0.00,821,1
1091,138,1,80.00,85.00,0.00,881,1
1092,42,1,36.00,40.00,0.00,842,1
1093,164,1,50.00,55.00,3.50,850,4
1094,128,1,89.00,95.00,0.00,666,1
1095,129,4,89.00,95.00,0.00,831,1
1096,113,1,99.00,119.00,0.00,746,1
1097,136,1,70.00,74.00,3.00,620,5
1098,163,1,50.00,55.00,5.50,605,2
1099,45,1,26.00,30.00,3.50,843,4
1100,44,4,36.00,40.00,0.00,883,1
1101,15,1,18.00,20.00,2.00,634,3
1102,157,1,70.00,74.00,0.00,618,1
1103,16,1,18.00,20.00,2.00,664,3
1104,36,1,36.00,40.00,4.00,714,2
1105,57,1,90.00,99.00,0.00,889,1
1106,84,1,140.00,149.00,3.00,808,5
1107,185,1,100.00,110.00,3.00,775,5
1108,145,1,65.00,69.00,0.00,749,1
1109,77,1,90.00,99.00,14.85,707,6
1110,90,4,46.00,55.00,3.50,853,4
1111,179,1,75.00,79.00,0.00,751,1
1112,29,2,32.00,36.00,2.00,747,3
1113,48,4,26.00,30.00,0.00,747,1
1114,157,1,70.00,74.00,11.10,676,6
1115,90,1,46.00,55.00,0.00,668,1
1116,50,4,26.00,30.00,3.50,842,4
1117,151,1,69.00,54.00,3.00,625,5
1118,50,4,26.00,30.00,0.00,685,1
1119,186,1,99.00,109.00,3.00,828,5
1120,150,2,69.00,54.00,10.80,798,2
1121,167,1,80.00,84.00,12.60,786,6
1122,150,1,69.00,54.00,2.00,880,3
1123,119,1,79.00,84.00,3.00,755,5
1124,195,1,115.00,119.00,0.00,877,1
1125,59,1,90.00,99.00,3.00,694,5
1126,106,1,49.00,56.00,0.00,900,1
1127,93,1,46.00,55.00,0.00,838,1
1128,89,1,46.00,55.00,0.00,611,1
1129,34,1,26.00,30.00,3.50,611,4
1130,54,1,80.00,89.00,3.00,724,5
1131,44,1,36.00,40.00,0.00,801,1
1132,172,1,69.00,75.00,0.00,666,1
1133,27,1,32.00,36.00,0.00,847,1
1134,164,1,50.00,55.00,0.00,644,1
1135,82,1,140.00,149.00,0.00,799,1
1136,190,3,120.00,125.00,2.00,734,3
1137,34,1,26.00,30.00,3.00,834,2
1138,89,1,46.00,55.00,3.00,705,5
1139,85,2,140.00,149.00,0.00,727,1
1140,134,4,70.00,74.00,29.60,681,2
1141,71,1,90.00,99.00,0.00,648,1
1142,107,1,49.00,56.00,3.00,791,5
1143,153,1,69.00,54.00,2.00,870,3
1144,144,1,65.00,69.00,0.00,853,1
1145,40,1,32.00,36.00,0.00,654,1
1146,34,1,26.00,30.00,0.00,866,1
1147,125,1,89.00,95.00,3.50,625,4
1148,50,2,26.00,30.00,6.00,662,2
1149,19,1,18.00,20.00,3.50,772,4
1150,34,1,26.00,30.00,0.00,674,1
1151,7,1,14.00,16.00,2.40,617,6
1152,4,1,22.00,26.00,3.50,652,4
1153,66,1,110.00,120.00,0.00,707,1
1154,97,1,50.00,59.00,0.00,740,1
1155,61,1,90.00,99.00,0.00,693,1
1156,180,1,120.00,129.00,0.00,897,1
1157,95,1,50.00,59.00,3.50,652,4
1158,109,1,49.00,56.00,5.60,629,2
1159,89,1,46.00,55.00,8.25,754,6
1160,165,1,80.00,84.00,12.60,666,6
1161,62,1,90.00,99.00,0.00,805,1
1162,136,1,70.00,74.00,0.00,796,1
1163,199,1,45.00,59.00,0.00,810,1
1164,149,1,55.00,59.00,0.00,682,1
1165,192,3,120.00,125.00,37.50,870,2
1166,177,1,75.00,79.00,7.90,674,2
1167,188,1,99.00,109.00,0.00,793,1
1168,45,1,26.00,30.00,0.00,673,1
1169,128,1,89.00,95.00,3.00,601,5
1170,133,1,75.00,79.00,0.00,837,1
1171,85,4,140.00,149.00,3.50,732,4
1172,85,4,140.00,149.00,59.60,850,2
1173,62,1,90.00,99.00,0.00,667,1
1174,171,4,69.00,75.00,0.00,736,1
1175,75,1,90.00,99.00,3.00,850,5
1176,55,1,90.00,99.00,0.00,740,1
1177,87,2,46.00,55.00,0.00,762,1
1178,38,3,36.00,40.00,12.00,786,2
1179,113,3,99.00,119.00,0.00,763,1
1180,108,1,49.00,56.00,2.00,815,3
1181,70,1,110.00,120.00,3.00,770,5
1182,154,3,70.00,74.00,2.00,681,3
1183,102,1,55.00,69.00,0.00,873,1
1184,42,2,36.00,40.00,12.00,830,6
1185,191,2,120.00,125.00,2.00,812,3
1186,192,1,120.00,125.00,0.00,687,1
1187,136,1,70.00,74.00,0.00,754,1
1188,113,2,99.00,119.00,23.80,770,2
1189,144,4,65.00,69.00,0.00,864,1
1190,120,3,79.00,84.00,2.00,624,3
1191,101,4,50.00,59.00,35.40,603,6
1192,118,2,80.00,85.00,0.00,619,1
1193,177,2,75.00,79.00,3.00,703,5
1194,136,1,70.00,74.00,7.40,696,2
1195,52,1,80.00,89.00,0.00,720,1
1196,65,1,110.00,120.00,3.50,852,4
1197,97,1,50.00,59.00,0.00,889,1
1198,95,1,50.00,59.00,0.00,826,1
1199,33,2,26.00,30.00,3.50,881,4
1200,171,1,69.00,75.00,2.00,698,3
1201,519,2,28.00,34.00,3.50,601,4
1202,191,1,120.00,125.00,0.00,602,1
1203,120,1,79.00,84.00,0.00,603,1
1204,500,3,19.00,23.00,2.00,604,3
1205,567,4,28.00,34.00,0.00,605,1
1206,215,1,40.00,45.00,6.75,606,6
1207,778,4,56.00,62.00,0.00,607,1
1208,204,1,65.00,68.00,0.00,608,1
1209,395,1,23.00,27.00,2.00,609,3
1210,504,1,22.00,27.00,3.50,610,4
1211,674,1,36.00,45.00,0.00,611,1
1212,768,1,150.00,160.00,0.00,612,1
1213,206,1,34.00,38.00,5.70,613,6
1214,337,1,105.00,115.00,3.50,614,4
1215,416,2,23.00,28.00,5.60,615,2
1216,97,1,50.00,59.00,3.00,616,5
1217,418,1,24.00,29.00,2.90,617,2
1218,584,1,33.00,39.00,0.00,618,1
1219,179,2,75.00,79.00,3.50,619,4
1220,727,2,75.00,80.00,0.00,620,1
1221,435,1,23.00,27.00,4.05,621,6
1222,397,1,25.00,30.00,0.00,622,1
1223,37,1,36.00,40.00,3.00,623,5
1224,676,1,36.00,45.00,4.50,624,2
1225,108,1,49.00,56.00,2.00,625,3
1226,206,3,34.00,38.00,11.40,626,2
1227,736,1,65.00,75.00,0.00,627,1
1228,781,2,56.00,62.00,3.00,628,5
1229,624,1,79.00,90.00,3.50,629,4
1230,618,1,70.00,80.00,3.50,630,4
1231,146,1,55.00,59.00,0.00,631,1
1232,614,1,69.00,75.00,3.00,632,5
1233,191,1,120.00,125.00,0.00,633,1
1234,622,1,79.00,90.00,0.00,634,1
1235,60,3,90.00,99.00,44.55,635,6
1236,81,1,140.00,149.00,0.00,636,1
1237,63,1,110.00,120.00,0.00,637,1
1238,318,1,53.00,57.00,5.70,638,2
1239,588,2,32.00,38.00,0.00,639,1
1240,17,1,18.00,20.00,3.50,640,4
1241,663,1,26.00,35.00,0.00,641,1
1242,745,4,120.00,125.00,0.00,642,1
1243,392,4,20.00,23.00,0.00,643,1
1244,67,1,110.00,120.00,0.00,644,1
1245,550,4,15.00,19.00,7.60,645,2
1246,43,1,36.00,40.00,3.00,646,5
1247,428,1,19.00,24.00,2.40,647,2
1248,364,2,63.00,68.00,3.00,648,5
1249,793,1,50.00,60.00,3.50,649,4
1250,522,1,28.00,34.00,5.10,650,6
1251,241,1,35.00,39.00,3.50,651,4
1252,101,1,50.00,59.00,0.00,652,1
1253,699,3,110.00,120.00,36.00,653,2
1254,669,1,36.00,45.00,0.00,654,1
1255,59,1,90.00,99.00,0.00,655,1
1256,714,1,140.00,150.00,2.00,656,3
1257,648,3,56.00,65.00,3.50,657,4
1258,675,1,36.00,45.00,3.50,658,4
1259,558,3,18.00,24.00,0.00,659,1
1260,760,1,145.00,170.00,0.00,660,1
1261,788,1,35.00,45.00,3.50,661,4
1262,692,1,90.00,95.00,0.00,662,1
1263,333,2,102.00,108.00,0.00,663,1
1264,205,1,60.00,63.00,3.50,664,4
1265,549,4,15.00,19.00,0.00,665,1
1266,30,1,26.00,30.00,0.00,666,1
1267,134,1,70.00,74.00,0.00,667,1
1268,25,1,24.00,28.00,3.00,668,5
1269,120,1,79.00,84.00,8.40,669,2
1270,85,3,140.00,149.00,0.00,670,1
1271,728,2,75.00,80.00,3.50,671,4
1272,18,4,18.00,20.00,0.00,672,1
1273,451,1,40.00,45.00,2.00,673,3
1274,414,4,23.00,28.00,0.00,674,1
1275,626,1,79.00,90.00,0.00,675,1
1276,336,1,102.00,108.00,0.00,676,1
1277,124,2,100.00,109.00,0.00,677,1
1278,744,1,84.00,90.00,2.00,678,3
1279,139,2,80.00,85.00,0.00,679,1
1280,429,1,19.00,24.00,0.00,680,1
1281,457,3,22.00,28.00,0.00,681,1
1282,339,1,105.00,115.00,0.00,682,1
1283,14,1,18.00,20.00,0.00,683,1
1284,528,1,38.00,44.00,3.50,684,4
1285,781,1,56.00,62.00,9.30,685,6
1286,705,1,90.00,105.00,0.00,686,1
1287,697,1,110.00,120.00,0.00,687,1
1288,533,1,38.00,44.00,0.00,688,1
1289,456,1,22.00,28.00,0.00,689,1
1290,257,1,58.00,60.00,0.00,690,1
1291,485,1,22.00,27.00,2.70,691,2
1292,250,1,45.00,50.00,0.00,692,1
1293,373,1,35.00,38.00,0.00,693,1
1294,139,1,80.00,85.00,0.00,694,1
1295,616,1,69.00,75.00,7.50,695,2
1296,248,1,50.00,55.00,5.50,696,2
1297,91,1,46.00,55.00,3.50,697,4
1298,600,1,16.00,22.00,2.20,698,2
1299,744,4,84.00,90.00,0.00,699,1
1300,456,1,22.00,28.00,3.00,700,5
1301,569,1,28.00,34.00,2.00,701,3
1302,334,1,102.00,108.00,0.00,702,1
1303,469,1,24.00,29.00,3.50,703,4
1304,200,3,45.00,59.00,0.00,704,1
1305,250,2,45.00,50.00,0.00,705,1
1306,189,1,99.00,109.00,0.00,706,1
1307,352,1,68.00,75.00,7.50,707,2
1308,378,2,38.00,43.00,0.00,708,1
1309,431,1,28.00,33.00,3.50,709,4
1310,41,1,32.00,36.00,3.60,710,2
1311,93,1,46.00,55.00,5.50,711,2
1312,682,1,26.00,35.00,3.50,712,4
1313,96,1,50.00,59.00,5.90,713,2
1314,235,4,135.00,140.00,0.00,714,1
1315,500,1,19.00,23.00,0.00,715,1
1316,172,1,69.00,75.00,0.00,716,1
1317,552,1,15.00,19.00,0.00,717,1
1318,11,4,16.00,18.00,0.00,718,1
1319,122,1,100.00,109.00,16.35,719,6
1320,92,1,46.00,55.00,0.00,720,1
1321,415,1,23.00,28.00,3.50,721,4
1322,700,4,110.00,120.00,0.00,722,1
1323,796,4,68.00,75.00,45.00,723,6
1324,50,1,26.00,30.00,0.00,724,1
1325,123,3,100.00,109.00,0.00,725,1
1326,103,1,55.00,69.00,0.00,726,1
1327,543,1,16.00,20.00,3.00,727,6
1328,451,1,40.00,45.00,0.00,728,1
1329,96,3,50.00,59.00,2.00,729,3
1330,653,1,21.00,35.00,0.00,730,1
1331,497,1,23.00,27.00,0.00,731,1
1332,286,1,35.00,45.00,3.50,732,4
1333,127,3,89.00,95.00,0.00,733,1
1334,569,1,28.00,34.00,0.00,734,1
1335,689,1,90.00,95.00,0.00,735,1
1336,396,1,25.00,30.00,3.00,736,2
1337,538,1,38.00,44.00,6.60,737,6
1338,594,1,42.00,48.00,0.00,738,1
1339,560,1,18.00,24.00,3.00,739,5
1340,94,2,46.00,55.00,0.00,740,1
1341,259,1,60.00,65.00,3.50,741,4
1342,728,1,75.00,80.00,12.00,742,6
1343,251,1,50.00,55.00,0.00,743,1
1344,58,4,90.00,99.00,3.00,744,5
1345,787,1,35.00,45.00,0.00,745,1
1346,760,1,145.00,170.00,0.00,746,1
1347,518,3,28.00,34.00,2.00,747,3
1348,598,1,16.00,22.00,3.00,748,5
1349,376,1,38.00,43.00,0.00,749,1
1350,199,1,45.00,59.00,0.00,750,1
1351,127,1,89.00,95.00,14.25,751,6
1352,605,1,99.00,105.00,0.00,752,1
1353,603,1,70.00,75.00,7.50,753,2
1354,607,1,99.00,105.00,0.00,754,1
1355,193,1,120.00,125.00,2.00,755,3
1356,268,1,20.00,23.00,0.00,756,1
1357,480,1,22.00,27.00,0.00,757,1
1358,735,4,65.00,75.00,0.00,758,1
1359,293,1,35.00,45.00,2.00,759,3
1360,481,1,22.00,27.00,0.00,760,1
1361,646,1,56.00,65.00,3.50,761,4
1362,673,1,32.00,45.00,6.75,762,6
1363,233,4,125.00,130.00,0.00,763,1
1364,38,4,36.00,40.00,16.00,764,2
1365,415,1,23.00,28.00,2.00,765,3
1366,213,1,40.00,45.00,0.00,766,1
1367,701,1,110.00,120.00,12.00,767,2
1368,706,1,90.00,105.00,0.00,768,1
1369,201,1,58.00,60.00,2.00,769,3
1370,17,1,18.00,20.00,3.00,770,6
1371,273,4,65.00,70.00,3.50,771,4
1372,103,1,55.00,69.00,0.00,772,1
1373,511,3,35.00,40.00,3.50,773,4
1374,20,2,18.00,20.00,0.00,774,1
1375,12,1,18.00,20.00,3.00,775,5
1376,463,1,24.00,29.00,0.00,776,1
1377,25,3,24.00,28.00,3.00,777,5
1378,36,1,36.00,40.00,0.00,778,1
1379,731,1,70.00,80.00,3.00,779,5
1380,797,1,50.00,60.00,0.00,780,1
1381,341,4,80.00,85.00,3.00,781,5
1382,606,2,99.00,105.00,0.00,782,1
1383,552,1,15.00,19.00,0.00,783,1
1384,165,1,80.00,84.00,8.40,784,2
1385,323,1,55.00,60.00,6.00,785,2
1386,660,1,32.00,35.00,3.00,786,5
1387,630,3,100.00,105.00,3.00,787,5
1388,741,1,63.00,75.00,0.00,788,1
1389,13,4,18.00,20.00,0.00,789,1
1390,20,1,18.00,20.00,0.00,790,1
1391,694,2,90.00,95.00,0.00,791,1
1392,393,1,23.00,27.00,0.00,792,1
1393,655,4,21.00,35.00,21.00,793,6
1394,529,1,38.00,44.00,4.40,794,2
1395,645,1,56.00,65.00,0.00,795,1
1396,675,1,36.00,45.00,0.00,796,1
1397,388,2,48.00,55.00,11.00,797,2
1398,624,1,79.00,90.00,9.00,798,2
1399,677,1,26.00,35.00,0.00,799,1
1400,320,1,53.00,57.00,0.00,800,1
1401,564,2,16.00,22.00,2.00,801,3
1402,742,3,84.00,90.00,3.00,802,5
1403,579,1,20.00,25.00,2.50,803,2
1404,569,1,28.00,34.00,0.00,804,1
1405,230,1,58.00,60.00,0.00,805,1
1406,379,4,45.00,50.00,0.00,806,1
1407,643,1,72.00,80.00,2.00,807,3
1408,3,1,22.00,26.00,0.00,808,1
1409,545,2,16.00,20.00,3.50,809,4
1410,586,1,32.00,38.00,3.00,810,5
1411,472,1,24.00,29.00,0.00,811,1
1412,9,2,16.00,18.00,0.00,812,1
1413,276,3,65.00,70.00,2.00,813,3
1414,321,1,53.00,57.00,5.70,814,2
1415,106,1,49.00,56.00,8.40,815,6
1416,566,1,28.00,34.00,0.00,816,1
1417,525,4,28.00,34.00,3.00,817,5
1418,49,1,26.00,30.00,0.00,818,1
1419,135,2,70.00,74.00,0.00,819,1
1420,663,1,26.00,35.00,0.00,820,1
1421,244,1,25.00,30.00,0.00,821,1
1422,604,1,70.00,75.00,2.00,822,3
1423,55,1,90.00,99.00,2.00,823,3
1424,250,1,45.00,50.00,3.00,824,5
1425,287,2,35.00,45.00,9.00,825,2
1426,703,2,90.00,105.00,3.00,826,5
1427,708,1,90.00,105.00,15.75,827,6
1428,22,1,21.00,25.00,2.00,828,3
1429,360,1,60.00,65.00,0.00,829,1
1430,727,1,75.00,80.00,3.50,830,4
1431,74,1,90.00,99.00,0.00,831,1
1432,345,1,85.00,93.00,0.00,832,1
1433,611,1,50.00,60.00,0.00,833,1
1434,567,1,28.00,34.00,0.00,834,1
1435,652,1,56.00,65.00,3.50,835,4
1436,23,1,21.00,25.00,0.00,836,1
1437,621,3,70.00,80.00,3.00,837,5
1438,336,1,102.00,108.00,3.00,838,5
1439,498,3,19.00,23.00,0.00,839,1
1440,605,2,99.00,105.00,21.00,840,2
1441,751,1,95.00,110.00,0.00,841,1
1442,155,1,70.00,74.00,3.50,842,4
1443,166,1,80.00,84.00,2.00,843,3
1444,550,1,15.00,19.00,0.00,844,1
1445,582,1,33.00,39.00,0.00,845,1
1446,209,2,34.00,38.00,0.00,846,1
1447,398,1,25.00,30.00,3.00,847,5
1448,533,2,38.00,44.00,3.00,848,5
1449,633,3,50.00,60.00,0.00,849,1
1450,91,1,46.00,55.00,3.50,850,4
1451,35,1,26.00,30.00,4.50,851,6
1452,611,4,50.00,60.00,0.00,852,1
1453,69,4,110.00,120.00,0.00,853,1
1454,611,1,50.00,60.00,0.00,854,1
1455,585,2,33.00,39.00,2.00,855,3
1456,548,4,15.00,19.00,11.40,856,6
1457,189,1,99.00,109.00,2.00,857,3
1458,310,3,40.00,50.00,15.00,858,2
1459,105,2,55.00,69.00,0.00,859,1
1460,392,1,20.00,23.00,0.00,860,1
1461,424,1,30.00,35.00,0.00,861,1
1462,636,2,60.00,70.00,2.00,862,3
1463,55,1,90.00,99.00,14.85,863,6
1464,229,2,65.00,70.00,0.00,864,1
1465,210,4,34.00,38.00,3.50,865,4
1466,436,4,23.00,27.00,3.00,866,5
1467,179,3,75.00,79.00,0.00,867,1
1468,592,4,19.00,24.00,3.00,868,5
1469,279,1,55.00,60.00,0.00,869,1
1470,521,1,28.00,34.00,3.00,870,5
1471,650,1,56.00,65.00,0.00,871,1
1472,444,1,22.00,26.00,2.00,872,3
1473,336,1,102.00,108.00,10.80,873,2
1474,138,1,80.00,85.00,0.00,874,1
1475,555,1,16.00,20.00,0.00,875,1
1476,237,4,35.00,40.00,0.00,876,1
1477,655,3,21.00,35.00,0.00,877,1
1478,140,1,80.00,85.00,0.00,878,1
1479,356,3,68.00,75.00,33.75,879,6
1480,144,1,65.00,69.00,0.00,880,1
1481,168,1,80.00,84.00,2.00,881,3
1482,658,1,24.00,35.00,2.00,882,3
1483,182,1,100.00,110.00,0.00,883,1
1484,569,1,28.00,34.00,0.00,884,1
1485,586,1,32.00,38.00,0.00,885,1
1486,479,1,22.00,27.00,0.00,886,1
1487,423,3,30.00,35.00,10.50,887,2
1488,245,1,30.00,35.00,0.00,888,1
1489,710,1,90.00,105.00,0.00,889,1
1490,729,1,75.00,80.00,12.00,890,6
1491,46,1,26.00,30.00,3.00,891,5
1492,212,1,38.00,43.00,6.45,892,6
1493,483,1,22.00,27.00,0.00,893,1
1494,481,1,22.00,27.00,2.70,894,2
1495,320,1,53.00,57.00,0.00,895,1
1496,587,1,32.00,38.00,0.00,896,1
1497,142,1,65.00,69.00,0.00,897,1
1498,60,1,90.00,99.00,0.00,898,1
1499,183,1,100.00,110.00,0.00,899,1
1500,423,1,30.00,35.00,0.00,900,1
1501,12,1,18.00,20.00,3.00,778,5
1502,81,1,140.00,149.00,2.00,858,3
1503,109,1,49.00,56.00,3.50,851,4
1504,767,1,150.00,160.00,16.00,618,2
1505,313,1,40.00,50.00,3.00,816,5
1506,404,2,25.00,30.00,0.00,848,1
1507,328,1,58.00,63.00,3.50,716,4
1508,12,1,18.00,20.00,3.00,820,6
1509,509,1,15.00,19.00,2.00,655,3
1510,209,1,34.00,38.00,3.50,656,4
1511,255,4,60.00,65.00,39.00,766,6
1512,455,1,20.00,24.00,0.00,610,1
1513,375,1,38.00,43.00,0.00,860,1
1514,606,1,99.00,105.00,0.00,857,1
1515,578,1,20.00,25.00,0.00,861,1
1516,350,3,65.00,70.00,21.00,661,2
1517,321,1,53.00,57.00,0.00,652,1
1518,173,3,79.00,85.00,0.00,611,1
1519,60,2,90.00,99.00,0.00,605,1
1520,384,1,48.00,55.00,0.00,873,1
1521,331,1,100.00,105.00,10.50,662,2
1522,426,1,19.00,24.00,3.00,866,5
1523,100,1,50.00,59.00,0.00,833,1
1524,46,1,26.00,30.00,3.50,851,4
1525,273,1,65.00,70.00,0.00,627,1
1526,28,1,32.00,36.00,0.00,885,1
1527,727,4,75.00,80.00,3.00,898,5
1528,422,1,30.00,35.00,0.00,835,1
1529,522,4,28.00,34.00,3.50,900,4
1530,740,1,63.00,75.00,0.00,762,1
1531,651,1,56.00,65.00,0.00,856,1
1532,504,3,22.00,27.00,2.00,880,3
1533,467,1,24.00,29.00,0.00,739,1
1534,311,3,40.00,50.00,3.00,705,5
1535,652,2,56.00,65.00,2.00,744,3
1536,717,1,140.00,150.00,0.00,706,1
1537,635,1,60.00,70.00,2.00,799,3
1538,520,1,28.00,34.00,3.40,750,2
1539,138,4,80.00,85.00,34.00,626,2
1540,367,1,65.00,70.00,0.00,747,1
1541,6,3,14.00,16.00,0.00,724,1
1542,362,1,63.00,68.00,2.00,827,3
1543,142,1,65.00,69.00,10.35,800,6
1544,725,2,25.00,45.00,0.00,663,1
1545,247,1,28.00,33.00,4.95,880,6
1546,592,1,19.00,24.00,3.50,681,4
1547,599,2,16.00,22.00,0.00,756,1
1548,27,1,32.00,36.00,0.00,684,1
1549,47,1,26.00,30.00,0.00,709,1
1550,423,1,30.00,35.00,0.00,682,1
1551,763,1,100.00,120.00,3.50,798,4
1552,517,4,33.00,38.00,0.00,775,1
1553,484,1,22.00,27.00,0.00,747,1
1554,177,3,75.00,79.00,23.70,661,2
1555,616,1,69.00,75.00,0.00,802,1
1556,620,2,70.00,80.00,2.00,648,3
1557,184,2,100.00,110.00,0.00,651,1
1558,712,2,140.00,150.00,3.50,759,4
1559,518,2,28.00,34.00,0.00,659,1
1560,756,4,145.00,170.00,0.00,655,1
1561,26,4,24.00,28.00,16.80,716,6
1562,198,3,45.00,59.00,0.00,636,1
1563,556,4,16.00,20.00,3.50,888,4
1564,296,3,35.00,45.00,0.00,719,1
1565,553,1,15.00,19.00,3.50,603,4
1566,276,4,65.00,70.00,0.00,693,1
1567,446,1,22.00,26.00,0.00,870,1
1568,160,4,99.00,118.00,2.00,602,3
1569,223,1,50.00,55.00,3.00,857,5
1570,177,3,75.00,79.00,23.70,879,2
1571,235,3,135.00,140.00,0.00,809,1
1572,170,1,69.00,75.00,0.00,615,1
1573,475,1,25.00,30.00,0.00,837,1
1574,24,4,24.00,28.00,11.20,775,2
1575,661,1,32.00,35.00,3.00,833,5
1576,444,1,22.00,26.00,0.00,705,1
1577,549,4,15.00,19.00,0.00,686,1
1578,306,2,65.00,68.00,3.50,893,4
1579,620,1,70.00,80.00,3.50,784,4
1580,353,1,68.00,75.00,0.00,801,1
1581,418,1,24.00,29.00,2.90,891,2
1582,736,4,65.00,75.00,3.50,812,4
1583,605,1,99.00,105.00,2.00,607,3
1584,731,1,70.00,80.00,0.00,710,1
1585,784,3,60.00,62.00,0.00,740,1
1586,294,1,35.00,45.00,0.00,640,1
1587,349,1,65.00,70.00,7.00,894,2
1588,50,1,26.00,30.00,0.00,872,1
1589,492,1,28.00,33.00,2.00,613,3
1590,452,1,20.00,24.00,0.00,878,1
1591,743,4,84.00,90.00,0.00,697,1
1592,251,1,50.00,55.00,3.00,862,5
1593,717,3,140.00,150.00,0.00,714,1
1594,196,3,115.00,119.00,0.00,843,1
1595,282,1,55.00,60.00,3.00,819,5
1596,551,1,15.00,19.00,3.50,816,4
1597,671,1,32.00,45.00,0.00,615,1
1598,436,1,23.00,27.00,0.00,754,1
1599,473,4,24.00,29.00,0.00,656,1
1600,112,1,65.00,69.00,0.00,684,1
1601,188,1,99.00,109.00,3.50,644,4
1602,416,1,23.00,28.00,0.00,710,1
1603,487,1,23.00,28.00,0.00,663,1
1604,290,1,35.00,45.00,3.00,702,5
1605,743,1,84.00,90.00,9.00,866,2
1606,121,1,79.00,84.00,2.00,645,3
1607,676,3,36.00,45.00,0.00,628,1
1608,553,1,15.00,19.00,2.00,853,3
1609,647,4,56.00,65.00,0.00,869,1
1610,490,2,28.00,33.00,2.00,803,3
1611,444,1,22.00,26.00,0.00,732,1
1612,787,1,35.00,45.00,3.50,645,4
1613,386,1,48.00,55.00,3.50,687,4
1614,632,4,100.00,105.00,0.00,721,1
1615,86,1,140.00,149.00,14.90,719,2
1616,473,4,24.00,29.00,3.00,785,5
1617,647,4,56.00,65.00,0.00,805,1
1618,252,1,50.00,55.00,8.25,833,6
1619,484,1,22.00,27.00,3.00,899,5
1620,663,1,26.00,35.00,0.00,640,1
1621,580,4,20.00,25.00,3.50,817,4
1622,487,1,23.00,28.00,0.00,710,1
1623,289,1,35.00,45.00,2.00,685,3
1624,435,1,23.00,27.00,2.00,836,3
1625,67,1,110.00,120.00,2.00,816,3
1626,566,4,28.00,34.00,0.00,858,1
1627,52,3,80.00,89.00,0.00,876,1
1628,542,1,16.00,20.00,2.00,769,3
1629,334,1,102.00,108.00,0.00,783,1
1630,674,1,36.00,45.00,0.00,858,1
1631,557,3,16.00,20.00,0.00,686,1
1632,758,1,145.00,170.00,25.50,683,6
1633,660,1,32.00,35.00,5.25,747,6
1634,50,4,26.00,30.00,3.00,617,5
1635,403,1,25.00,30.00,0.00,678,1
1636,20,1,18.00,20.00,0.00,623,1
1637,354,4,68.00,75.00,45.00,771,6
1638,306,1,65.00,68.00,10.20,819,6
1639,500,1,19.00,23.00,2.30,626,2
1640,674,1,36.00,45.00,0.00,845,1
1641,126,1,89.00,95.00,2.00,787,3
1642,169,1,69.00,75.00,11.25,823,6
1643,119,1,79.00,84.00,0.00,643,1
1644,720,1,35.00,45.00,3.00,694,5
1645,431,1,28.00,33.00,2.00,790,3
1646,62,1,90.00,99.00,0.00,647,1
1647,556,1,16.00,20.00,3.00,784,5
1648,574,1,32.00,38.00,2.00,853,3
1649,120,1,79.00,84.00,0.00,753,1
1650,710,1,90.00,105.00,0.00,703,1
1651,663,1,26.00,35.00,0.00,748,1
1652,626,1,79.00,90.00,3.50,831,4
1653,561,1,18.00,24.00,0.00,787,1
1654,192,1,120.00,125.00,3.00,603,5
1655,698,1,110.00,120.00,0.00,820,1
1656,528,1,38.00,44.00,3.50,878,4
1657,584,1,33.00,39.00,0.00,608,1
1658,430,3,19.00,24.00,7.20,855,2
1659,751,1,95.00,110.00,2.00,828,3
1660,86,1,140.00,149.00,0.00,757,1
1661,592,1,19.00,24.00,3.60,639,6
1662,716,3,140.00,150.00,67.50,795,6
1663,183,1,100.00,110.00,16.50,887,6
1664,280,1,55.00,60.00,0.00,786,1
1665,9,1,16.00,18.00,3.00,881,5
1666,93,3,46.00,55.00,0.00,762,1
1667,762,1,100.00,120.00,3.00,703,5
1668,704,4,90.00,105.00,0.00,893,1
1669,398,1,25.00,30.00,2.00,829,3
1670,185,1,100.00,110.00,0.00,822,1
1671,315,1,50.00,55.00,0.00,601,1
1672,329,1,58.00,63.00,0.00,865,1
1673,422,1,30.00,35.00,3.50,831,2
1674,273,1,65.00,70.00,2.00,778,3
1675,771,1,90.00,110.00,3.00,757,5
1676,702,1,110.00,120.00,3.50,855,4
1677,182,4,100.00,110.00,0.00,799,1
1678,635,1,60.00,70.00,3.50,873,4
1679,246,1,30.00,35.00,3.50,646,4
1680,476,1,25.00,30.00,0.00,757,1
1681,704,1,90.00,105.00,3.00,667,5
1682,740,1,63.00,75.00,2.00,780,3
1683,608,1,50.00,60.00,9.00,620,6
1684,767,1,150.00,160.00,16.00,882,2
1685,509,1,15.00,19.00,3.50,728,4
1686,709,1,90.00,105.00,2.00,727,3
1687,600,4,16.00,22.00,0.00,811,1
1688,264,2,60.00,65.00,3.00,679,5
1689,236,2,125.00,130.00,0.00,739,1
1690,230,1,58.00,60.00,3.00,658,5
1691,750,1,95.00,110.00,3.50,863,4
1692,769,2,150.00,160.00,0.00,753,1
1693,63,2,110.00,120.00,0.00,864,1
1694,561,3,18.00,24.00,7.20,639,2
1695,132,1,75.00,79.00,7.90,890,2
1696,86,1,140.00,149.00,22.35,717,6
1697,473,1,24.00,29.00,0.00,852,1
1698,182,4,100.00,110.00,0.00,669,1
1699,438,1,23.00,27.00,3.00,694,5
1700,562,2,16.00,22.00,2.00,668,3
1701,337,1,105.00,115.00,3.50,732,4
1702,539,1,38.00,44.00,6.60,699,6
1703,201,4,58.00,60.00,3.00,790,5
1704,171,1,69.00,75.00,0.00,638,1
1705,43,1,36.00,40.00,0.00,851,1
1706,59,1,90.00,99.00,14.85,695,6
1707,625,1,79.00,90.00,0.00,624,1
1708,462,1,24.00,29.00,0.00,617,1
1709,47,3,26.00,30.00,0.00,885,1
1710,444,3,22.00,26.00,2.00,721,3
1711,688,4,90.00,95.00,0.00,734,1
1712,255,1,60.00,65.00,0.00,641,1
1713,580,1,20.00,25.00,0.00,709,1
1714,652,1,56.00,65.00,6.50,769,2
1715,148,4,55.00,59.00,0.00,829,1
1716,203,1,55.00,58.00,8.70,769,6
1717,477,3,25.00,30.00,13.50,665,6
1718,566,1,28.00,34.00,0.00,694,1
1719,532,1,38.00,44.00,3.00,749,5
1720,321,1,53.00,57.00,2.00,845,3
1721,478,1,22.00,27.00,0.00,793,1
1722,550,1,15.00,19.00,0.00,865,1
1723,733,1,65.00,75.00,0.00,741,1
1724,771,1,90.00,110.00,0.00,724,1
1725,549,2,15.00,19.00,0.00,803,1
1726,103,1,55.00,69.00,3.00,682,5
1727,95,1,50.00,59.00,0.00,767,1
1728,428,3,19.00,24.00,2.00,691,3
1729,182,1,100.00,110.00,16.50,696,6
1730,602,4,70.00,75.00,3.00,671,5
1731,420,1,30.00,35.00,0.00,636,1
1732,714,2,140.00,150.00,0.00,654,1
1733,425,1,19.00,24.00,0.00,866,1
1734,554,3,16.00,20.00,0.00,676,1
1735,158,1,99.00,118.00,2.00,697,3
1736,8,1,14.00,16.00,1.60,708,2
1737,196,1,115.00,119.00,0.00,774,1
1738,743,1,84.00,90.00,3.50,772,4
1739,630,1,100.00,105.00,3.00,694,5
1740,136,4,70.00,74.00,0.00,793,1
1741,434,1,28.00,33.00,3.50,832,4
1742,90,1,46.00,55.00,0.00,634,1
1743,343,1,82.00,90.00,0.00,741,1
1744,246,3,30.00,35.00,0.00,747,1
1745,232,1,120.00,125.00,2.00,698,3
1746,13,1,18.00,20.00,0.00,735,1
1747,43,2,36.00,40.00,0.00,878,1
1748,764,1,100.00,120.00,0.00,652,1
1749,528,1,38.00,44.00,3.50,853,4
1750,108,1,49.00,56.00,3.00,752,5
1751,564,1,16.00,22.00,0.00,847,1
1752,340,2,105.00,115.00,0.00,614,1
1753,674,4,36.00,45.00,3.00,832,5
1754,141,1,80.00,85.00,3.50,758,4
1755,521,1,28.00,34.00,3.50,821,4
1756,91,1,46.00,55.00,0.00,900,1
1757,669,1,36.00,45.00,3.00,837,5
1758,356,1,68.00,75.00,0.00,851,1
1759,307,1,65.00,68.00,10.20,642,6
1760,31,2,26.00,30.00,0.00,644,1
1761,381,2,45.00,50.00,3.50,601,4
1762,312,1,40.00,50.00,3.00,730,5
1763,643,2,72.00,80.00,0.00,833,1
1764,6,1,14.00,16.00,0.00,701,1
1765,137,1,70.00,74.00,0.00,655,1
1766,639,2,70.00,80.00,24.00,889,6
1767,134,1,70.00,74.00,0.00,674,1
1768,23,4,21.00,25.00,3.00,779,5
1769,11,4,16.00,18.00,3.00,682,5
1770,319,1,53.00,57.00,0.00,817,1
1771,484,3,22.00,27.00,0.00,683,1
1772,694,1,90.00,95.00,0.00,815,1
1773,176,4,75.00,79.00,31.60,661,2
1774,708,1,90.00,105.00,10.50,719,2
1775,224,3,50.00,55.00,0.00,767,1
1776,672,3,32.00,45.00,2.00,679,3
1777,75,1,90.00,99.00,0.00,660,1
1778,481,4,22.00,27.00,0.00,863,1
1779,407,1,29.00,34.00,0.00,693,1
1780,216,1,30.00,35.00,2.00,608,3
1781,757,1,145.00,170.00,3.50,770,4
1782,321,1,53.00,57.00,5.70,649,2
1783,327,1,55.00,60.00,2.00,659,3
1784,155,1,70.00,74.00,0.00,742,1
1785,526,4,38.00,44.00,0.00,626,1
1786,346,2,85.00,93.00,0.00,774,1
1787,697,1,110.00,120.00,12.00,758,2
1788,172,1,69.00,75.00,7.50,615,2
1789,679,1,26.00,35.00,0.00,648,1
1790,680,4,26.00,35.00,21.00,790,6
1791,766,2,150.00,160.00,0.00,676,1
1792,518,1,28.00,34.00,2.00,732,3
1793,660,1,32.00,35.00,3.50,893,2
1794,572,4,32.00,38.00,2.00,835,3
1795,10,3,16.00,18.00,0.00,785,1
1796,233,1,125.00,130.00,0.00,760,1
1797,594,1,42.00,48.00,7.20,894,6
1798,459,1,22.00,28.00,3.00,888,5
1799,50,3,26.00,30.00,0.00,876,1
1800,406,1,29.00,34.00,0.00,846,1
1801,288,1,35.00,45.00,0.00,901,1
1802,304,1,60.00,65.00,0.00,902,1
1803,97,3,50.00,59.00,0.00,903,1
1804,28,3,32.00,36.00,0.00,904,1
1805,317,3,50.00,55.00,0.00,905,1
1806,155,1,70.00,74.00,0.00,906,1
1807,178,4,75.00,79.00,3.50,907,4
1808,364,4,63.00,68.00,0.00,908,1
1809,12,3,18.00,20.00,0.00,909,1
1810,374,2,38.00,43.00,0.00,910,1
1811,2,1,21.00,25.00,0.00,911,1
1812,258,1,58.00,60.00,3.00,912,5
1813,298,1,35.00,45.00,0.00,913,1
1814,270,1,23.00,25.00,0.00,914,1
1815,298,1,35.00,45.00,0.00,915,1
1816,380,3,45.00,50.00,3.50,916,4
1817,82,1,140.00,149.00,0.00,917,1
1818,102,1,55.00,69.00,0.00,918,1
1819,370,1,35.00,38.00,3.50,919,4
1820,298,1,35.00,45.00,0.00,920,1
1821,294,1,35.00,45.00,4.50,921,2
1822,42,1,36.00,40.00,0.00,922,1
1823,168,4,80.00,84.00,3.00,923,5
1824,2,1,21.00,25.00,0.00,924,1
1825,305,3,60.00,65.00,0.00,925,1
1826,119,1,79.00,84.00,8.40,926,2
1827,137,2,70.00,74.00,2.00,927,3
1828,299,1,35.00,45.00,0.00,928,1
1829,272,2,65.00,70.00,0.00,929,1
1830,42,1,36.00,40.00,0.00,930,1
1831,279,2,55.00,60.00,3.00,931,5
1832,12,4,18.00,20.00,0.00,932,1
1833,280,1,55.00,60.00,3.50,933,4
1834,287,1,35.00,45.00,4.50,934,2
1835,310,4,40.00,50.00,0.00,935,1
1836,19,1,18.00,20.00,0.00,936,1
1837,27,2,32.00,36.00,0.00,937,1
1838,317,1,50.00,55.00,2.00,938,3
1839,141,4,80.00,85.00,0.00,939,1
1840,255,1,60.00,65.00,6.50,940,2
1841,118,4,80.00,85.00,2.00,941,3
1842,331,1,100.00,105.00,3.50,942,4
1843,375,1,38.00,43.00,0.00,943,1
1844,323,4,55.00,60.00,0.00,944,1
1845,126,1,89.00,95.00,0.00,945,1
1846,216,1,30.00,35.00,3.50,946,4
1847,235,1,135.00,140.00,2.00,947,3
1848,38,1,36.00,40.00,3.50,948,4
1849,264,4,60.00,65.00,39.00,949,6
1850,291,1,35.00,45.00,0.00,950,1
1851,39,2,32.00,36.00,7.20,951,2
1852,340,1,105.00,115.00,2.00,952,3
1853,51,1,80.00,89.00,0.00,953,1
1854,121,3,79.00,84.00,25.20,954,2
1855,207,2,37.00,40.00,0.00,955,1
1856,305,1,60.00,65.00,3.50,956,4
1857,205,1,60.00,63.00,0.00,957,1
1858,189,2,99.00,109.00,0.00,958,1
1859,132,1,75.00,79.00,0.00,959,1
1860,95,2,50.00,59.00,3.50,960,4
1861,135,1,70.00,74.00,0.00,961,1
1862,102,1,55.00,69.00,3.50,962,4
1863,310,1,40.00,50.00,0.00,963,1
1864,174,1,79.00,85.00,0.00,964,1
1865,286,1,35.00,45.00,3.50,965,4
1866,324,1,55.00,60.00,0.00,966,1
1867,38,1,36.00,40.00,3.50,967,4
1868,17,3,18.00,20.00,3.00,968,5
1869,295,4,35.00,45.00,0.00,969,1
1870,100,2,50.00,59.00,17.70,970,6
1871,293,1,35.00,45.00,2.00,971,3
1872,58,1,90.00,99.00,3.00,972,5
1873,12,1,18.00,20.00,0.00,973,1
1874,383,1,45.00,50.00,0.00,974,1
1875,289,1,35.00,45.00,3.00,975,5
1876,304,1,60.00,65.00,3.00,976,5
1877,156,1,70.00,74.00,0.00,977,1
1878,217,3,35.00,40.00,0.00,978,1
1879,333,3,102.00,108.00,0.00,979,1
1880,342,1,82.00,90.00,2.00,980,3
1881,246,1,30.00,35.00,0.00,981,1
1882,374,3,38.00,43.00,0.00,982,1
1883,84,1,140.00,149.00,3.50,983,4
1884,376,1,38.00,43.00,3.00,984,5
1885,378,1,38.00,43.00,2.00,985,3
1886,135,3,70.00,74.00,22.20,986,2
1887,210,1,34.00,38.00,0.00,987,1
1888,237,1,35.00,40.00,3.50,988,4
1889,305,1,60.00,65.00,9.75,989,6
1890,374,1,38.00,43.00,0.00,990,1
1891,374,1,38.00,43.00,6.45,991,6
1892,179,1,75.00,79.00,0.00,992,1
1893,169,1,69.00,75.00,11.25,993,6
1894,257,4,58.00,60.00,3.00,994,5
1895,133,3,75.00,79.00,0.00,995,1
1896,208,1,40.00,45.00,0.00,996,1
1897,152,2,69.00,54.00,0.00,997,1
1898,109,4,49.00,56.00,2.00,998,3
1899,277,2,65.00,70.00,21.00,999,6
1900,376,4,38.00,43.00,0.00,1000,1
1901,2,1,21.00,25.00,0.00,1001,1
1902,361,1,60.00,65.00,3.00,1002,5
1903,206,1,34.00,38.00,3.00,1003,5
1904,165,3,80.00,84.00,0.00,1004,1
1905,283,1,55.00,60.00,0.00,1005,1
1906,139,1,80.00,85.00,0.00,1006,1
1907,247,1,28.00,33.00,2.00,1007,3
1908,400,1,25.00,30.00,0.00,1008,1
1909,123,4,100.00,109.00,3.00,1009,5
1910,381,4,45.00,50.00,3.50,1010,4
1911,341,1,80.00,85.00,0.00,1011,1
1912,27,1,32.00,36.00,3.00,1012,5
1913,302,1,60.00,65.00,0.00,1013,1
1914,78,4,90.00,99.00,0.00,1014,1
1915,181,3,120.00,129.00,2.00,1015,3
1916,177,1,75.00,79.00,7.90,1016,2
1917,251,1,50.00,55.00,0.00,1017,1
1918,303,2,60.00,65.00,0.00,1018,1
1919,22,4,21.00,25.00,0.00,1019,1
1920,60,1,90.00,99.00,3.50,1020,4
1921,5,1,22.00,26.00,0.00,1021,1
1922,25,1,24.00,28.00,3.00,1022,5
1923,280,1,55.00,60.00,0.00,1023,1
1924,121,1,79.00,84.00,12.60,1024,6
1925,283,4,55.00,60.00,0.00,1025,1
1926,185,1,100.00,110.00,3.00,1026,5
1927,103,1,55.00,69.00,0.00,1027,1
1928,378,1,38.00,43.00,3.00,1028,5
1929,346,1,85.00,93.00,2.00,1029,3
1930,216,1,30.00,35.00,0.00,1030,1
1931,48,1,26.00,30.00,0.00,1031,1
1932,400,4,25.00,30.00,0.00,1032,1
1933,184,1,100.00,110.00,3.00,1033,5
1934,96,1,50.00,59.00,0.00,1034,1
1935,58,1,90.00,99.00,3.00,1035,5
1936,223,1,50.00,55.00,0.00,1036,1
1937,107,3,49.00,56.00,0.00,1037,1
1938,303,1,60.00,65.00,0.00,1038,1
1939,43,1,36.00,40.00,0.00,1039,1
1940,73,1,90.00,99.00,0.00,1040,1
1941,77,1,90.00,99.00,14.85,1041,6
1942,176,4,75.00,79.00,3.50,1042,4
1943,83,1,140.00,149.00,0.00,1043,1
1944,5,1,22.00,26.00,3.90,1044,6
1945,59,1,90.00,99.00,0.00,1045,1
1946,43,4,36.00,40.00,16.00,1046,2
1947,162,2,50.00,55.00,0.00,1047,1
1948,295,1,35.00,45.00,4.50,1048,2
1949,331,3,100.00,105.00,2.00,1049,3
1950,215,3,40.00,45.00,0.00,1050,1
1951,225,1,50.00,55.00,0.00,1051,1
1952,325,1,55.00,60.00,0.00,1052,1
1953,23,1,21.00,25.00,3.50,1053,4
1954,18,1,18.00,20.00,2.00,1054,3
1955,286,1,35.00,45.00,0.00,1055,1
1956,190,1,120.00,125.00,0.00,1056,1
1957,239,2,38.00,43.00,3.50,1057,4
1958,154,1,70.00,74.00,0.00,1058,1
1959,377,4,38.00,43.00,3.00,1059,5
1960,155,1,70.00,74.00,7.40,1060,2
1961,217,1,35.00,40.00,4.00,1061,2
1962,167,1,80.00,84.00,12.60,1062,6
1963,260,3,55.00,60.00,0.00,1063,1
1964,3,1,22.00,26.00,0.00,1064,1
1965,292,2,35.00,45.00,0.00,1065,1
1966,103,1,55.00,69.00,10.35,1066,6
1967,103,1,55.00,69.00,6.90,1067,2
1968,400,3,25.00,30.00,0.00,1068,1
1969,309,1,40.00,50.00,3.00,1069,5
1970,342,3,82.00,90.00,2.00,1070,3
1971,223,3,50.00,55.00,16.50,1071,2
1972,114,3,99.00,119.00,0.00,1072,1
1973,255,1,60.00,65.00,0.00,1073,1
1974,85,4,140.00,149.00,59.60,1074,2
1975,117,1,80.00,85.00,3.50,1075,4
1976,220,1,35.00,40.00,3.50,1076,4
1977,359,1,60.00,65.00,6.50,1077,2
1978,285,1,35.00,45.00,0.00,1078,1
1979,278,4,55.00,60.00,24.00,1079,2
1980,124,3,100.00,109.00,0.00,1080,1
1981,28,1,32.00,36.00,0.00,1081,1
1982,95,1,50.00,59.00,3.50,1082,4
1983,3,2,22.00,26.00,2.00,1083,3
1984,332,1,100.00,105.00,3.50,1084,4
1985,259,1,60.00,65.00,2.00,1085,3
1986,24,4,24.00,28.00,3.50,1086,4
1987,114,1,99.00,119.00,0.00,1087,1
1988,215,4,40.00,45.00,0.00,1088,1
1989,310,1,40.00,50.00,0.00,1089,1
1990,281,1,55.00,60.00,9.00,1090,6
1991,382,3,45.00,50.00,0.00,1091,1
1992,275,1,65.00,70.00,0.00,1092,1
1993,264,1,60.00,65.00,9.75,1093,6
1994,88,1,46.00,55.00,3.00,1094,5
1995,372,2,35.00,38.00,11.40,1095,6
1996,176,1,75.00,79.00,0.00,1096,1
1997,58,1,90.00,99.00,0.00,1097,1
1998,247,1,28.00,33.00,4.95,1098,6
1999,123,1,100.00,109.00,0.00,1099,1
2000,246,4,30.00,35.00,2.00,1100,3
2001,28,1,32.00,36.00,3.00,1101,5
2002,145,1,65.00,69.00,0.00,1102,1
2003,350,1,65.00,70.00,0.00,1103,1
2004,302,1,60.00,65.00,0.00,1104,1
2005,135,1,70.00,74.00,0.00,1105,1
2006,74,1,90.00,99.00,0.00,1106,1
2007,2,1,21.00,25.00,0.00,1107,1
2008,115,2,99.00,119.00,0.00,1108,1
2009,321,1,53.00,57.00,3.50,1109,4
2010,259,1,60.00,65.00,3.50,1110,4
2011,262,4,60.00,65.00,3.50,1111,4
2012,364,1,63.00,68.00,0.00,1112,1
2013,159,1,99.00,118.00,0.00,1113,1
2014,63,4,110.00,120.00,2.00,1114,3
2015,205,1,60.00,63.00,6.30,1115,2
2016,196,1,115.00,119.00,11.90,1116,2
2017,54,1,80.00,89.00,0.00,1117,1
2018,167,1,80.00,84.00,3.00,1118,5
2019,234,1,130.00,135.00,13.50,1119,2
2020,42,3,36.00,40.00,18.00,1120,6
2021,348,3,65.00,70.00,21.00,1121,2
2022,196,1,115.00,119.00,0.00,1122,1
2023,273,3,65.00,70.00,31.50,1123,6
2024,1,3,21.00,25.00,2.00,1124,3
2025,394,2,23.00,27.00,5.40,1125,2
2026,378,1,38.00,43.00,4.30,1126,2
2027,256,3,70.00,75.00,0.00,1127,1
2028,243,1,25.00,30.00,3.50,1128,4
2029,155,1,70.00,74.00,0.00,1129,1
2030,321,1,53.00,57.00,2.00,1130,3
2031,98,1,50.00,59.00,3.00,1131,5
2032,356,1,68.00,75.00,0.00,1132,1
2033,176,1,75.00,79.00,3.50,1133,4
2034,88,1,46.00,55.00,0.00,1134,1
2035,66,1,110.00,120.00,0.00,1135,1
2036,270,1,23.00,25.00,3.75,1136,6
2037,304,1,60.00,65.00,0.00,1137,1
2038,53,1,80.00,89.00,0.00,1138,1
2039,159,3,99.00,118.00,3.50,1139,4
2040,292,3,35.00,45.00,0.00,1140,1
2041,3,1,22.00,26.00,2.60,1141,2
2042,122,1,100.00,109.00,0.00,1142,1
2043,391,1,20.00,23.00,3.50,1143,4
2044,282,2,55.00,60.00,0.00,1144,1
2045,18,3,18.00,20.00,9.00,1145,6
2046,200,1,45.00,59.00,0.00,1146,1
2047,8,1,14.00,16.00,0.00,1147,1
2048,107,1,49.00,56.00,5.60,1148,2
2049,56,1,90.00,99.00,14.85,1149,6
2050,291,1,35.00,45.00,0.00,1150,1
2051,125,1,89.00,95.00,14.25,1151,6
2052,5,1,22.00,26.00,0.00,1152,1
2053,40,1,32.00,36.00,0.00,1153,1
2054,304,1,60.00,65.00,0.00,1154,1
2055,1,1,21.00,25.00,2.50,1155,2
2056,390,1,20.00,23.00,3.45,1156,6
2057,185,2,100.00,110.00,0.00,1157,1
2058,168,3,80.00,84.00,0.00,1158,1
2059,60,3,90.00,99.00,0.00,1159,1
2060,329,1,58.00,63.00,3.00,1160,5
2061,60,1,90.00,99.00,9.90,1161,2
2062,108,4,49.00,56.00,22.40,1162,2
2063,65,3,110.00,120.00,54.00,1163,6
2064,29,1,32.00,36.00,0.00,1164,1
2065,101,1,50.00,59.00,2.00,1165,3
2066,296,2,35.00,45.00,3.00,1166,5
2067,153,1,69.00,54.00,3.50,1167,4
2068,365,1,65.00,70.00,2.00,1168,3
2069,320,3,53.00,57.00,17.10,1169,2
2070,338,4,105.00,115.00,3.50,1170,4
2071,129,1,89.00,95.00,0.00,1171,1
2072,176,1,75.00,79.00,0.00,1172,1
2073,269,1,20.00,23.00,0.00,1173,1
2074,395,1,23.00,27.00,2.00,1174,3
2075,148,1,55.00,59.00,5.90,1175,2
2076,176,1,75.00,79.00,0.00,1176,1
2077,32,1,26.00,30.00,0.00,1177,1
2078,208,4,40.00,45.00,27.00,1178,6
2079,376,1,38.00,43.00,2.00,1179,3
2080,391,4,20.00,23.00,0.00,1180,1
2081,82,3,140.00,149.00,0.00,1181,1
2082,15,1,18.00,20.00,0.00,1182,1
2083,137,3,70.00,74.00,0.00,1183,1
2084,180,1,120.00,129.00,0.00,1184,1
2085,378,1,38.00,43.00,0.00,1185,1
2086,248,1,50.00,55.00,2.00,1186,3
2087,367,2,65.00,70.00,0.00,1187,1
2088,352,1,68.00,75.00,0.00,1188,1
2089,347,4,84.00,93.00,3.00,1189,5
2090,185,1,100.00,110.00,0.00,1190,1
2091,68,1,110.00,120.00,0.00,1191,1
2092,222,4,45.00,50.00,20.00,1192,2
2093,316,3,50.00,55.00,2.00,1193,3
2094,245,1,30.00,35.00,3.00,1194,5
2095,384,1,48.00,55.00,0.00,1195,1
2096,137,1,70.00,74.00,3.50,1196,4
2097,254,3,65.00,68.00,30.60,1197,6
2098,302,1,60.00,65.00,0.00,1198,1
2099,396,1,25.00,30.00,3.50,1199,4
2100,110,1,65.00,69.00,0.00,1200,1
2101,171,1,69.00,75.00,7.50,1044,2
2102,112,1,65.00,69.00,0.00,1002,1
2103,42,1,36.00,40.00,4.00,1024,2
2104,78,1,90.00,99.00,0.00,1070,1
2105,245,3,30.00,35.00,0.00,932,1
2106,25,1,24.00,28.00,2.00,1129,3
2107,87,2,46.00,55.00,3.00,1110,5
2108,237,1,35.00,40.00,6.00,1147,6
2109,26,1,24.00,28.00,3.50,1181,4
2110,273,1,65.00,70.00,0.00,961,1
2111,327,1,55.00,60.00,0.00,1036,1
2112,379,1,45.00,50.00,5.00,1015,2
2113,179,1,75.00,79.00,7.90,1101,2
2114,4,1,22.00,26.00,0.00,1123,1
2115,157,1,70.00,74.00,11.10,1063,6
2116,55,4,90.00,99.00,3.50,1147,4
2117,315,1,50.00,55.00,8.25,1083,6
2118,168,1,80.00,84.00,0.00,1008,1
2119,93,1,46.00,55.00,3.50,1034,4
2120,313,4,40.00,50.00,3.50,980,4
2121,190,1,120.00,125.00,0.00,936,1
2122,12,1,18.00,20.00,0.00,991,1
2123,166,1,80.00,84.00,8.40,1133,2
2124,231,1,60.00,65.00,0.00,992,1
2125,398,1,25.00,30.00,0.00,975,1
2126,282,1,55.00,60.00,6.00,1002,2
2127,396,4,25.00,30.00,0.00,1159,1
2128,383,1,45.00,50.00,0.00,1137,1
2129,44,1,36.00,40.00,2.00,927,3
2130,315,1,50.00,55.00,5.50,912,2
2131,247,1,28.00,33.00,3.00,1014,5
2132,271,2,65.00,70.00,0.00,995,1
2133,141,1,80.00,85.00,0.00,1144,1
2134,291,4,35.00,45.00,27.00,977,6
2135,77,1,90.00,99.00,2.00,982,3
2136,55,1,90.00,99.00,0.00,914,1
2137,386,1,48.00,55.00,0.00,901,1
2138,49,1,26.00,30.00,2.00,907,3
2139,90,1,46.00,55.00,8.25,1031,6
2140,212,2,38.00,43.00,0.00,1005,1
2141,288,2,35.00,45.00,3.00,1095,5
2142,327,2,55.00,60.00,18.00,1098,6
2143,392,2,20.00,23.00,0.00,967,1
2144,62,3,90.00,99.00,0.00,979,1
2145,86,1,140.00,149.00,22.35,910,6
2146,26,1,24.00,28.00,0.00,1190,1
2147,268,1,20.00,23.00,3.00,981,5
2148,186,1,99.00,109.00,16.35,1051,6
2149,231,1,60.00,65.00,0.00,1168,1
2150,370,1,35.00,38.00,3.50,1096,4
2151,80,1,140.00,149.00,22.35,945,6
2152,278,1,55.00,60.00,9.00,931,6
2153,281,1,55.00,60.00,3.50,1034,4
2154,153,2,69.00,54.00,0.00,922,1
2155,102,1,55.00,69.00,3.50,907,4
2156,54,3,80.00,89.00,40.05,952,6
2157,170,3,69.00,75.00,3.00,960,5
2158,351,1,65.00,70.00,0.00,1031,1
2159,287,1,35.00,45.00,0.00,1153,1
2160,162,3,50.00,55.00,3.00,1090,5
2161,108,1,49.00,56.00,0.00,932,1
2162,78,2,90.00,99.00,2.00,1011,3
2163,285,1,35.00,45.00,0.00,1095,1
2164,113,1,99.00,119.00,17.85,1152,6
2165,271,1,65.00,70.00,3.00,974,5
2166,384,4,48.00,55.00,0.00,1104,1
2167,324,1,55.00,60.00,3.00,930,5
2168,374,1,38.00,43.00,6.45,961,6
2169,338,4,105.00,115.00,0.00,935,1
2170,53,1,80.00,89.00,0.00,1071,1
2171,37,3,36.00,40.00,0.00,1126,1
2172,264,1,60.00,65.00,2.00,1171,3
2173,226,3,45.00,50.00,3.50,1082,4
2174,114,1,99.00,119.00,11.90,1039,2
2175,79,2,140.00,149.00,44.70,1077,6
2176,157,1,70.00,74.00,0.00,1106,1
2177,301,1,35.00,45.00,0.00,1172,1
2178,216,1,30.00,35.00,0.00,1133,1
2179,211,1,35.00,40.00,4.00,1133,2
2180,264,1,60.00,65.00,2.00,1067,3
2181,194,1,115.00,119.00,11.90,1175,2
2182,182,1,100.00,110.00,0.00,1088,1
2183,72,1,90.00,99.00,9.90,934,2
2184,293,1,35.00,45.00,0.00,1169,1
2185,308,1,65.00,68.00,2.00,976,3
2186,95,1,50.00,59.00,0.00,1068,1
2187,151,2,69.00,54.00,0.00,1024,1
2188,39,1,32.00,36.00,0.00,957,1
2189,150,1,69.00,54.00,5.40,1041,2
2190,20,1,18.00,20.00,0.00,1133,1
2191,153,1,69.00,54.00,8.10,1106,6
2192,230,1,58.00,60.00,0.00,922,1
2193,167,1,80.00,84.00,3.00,918,5
2194,136,1,70.00,74.00,3.00,973,5
2195,83,2,140.00,149.00,0.00,996,1
2196,267,1,20.00,23.00,2.30,1146,2
2197,224,1,50.00,55.00,2.00,1090,3
2198,157,1,70.00,74.00,7.40,1004,2
2199,245,3,30.00,35.00,0.00,960,1
2200,378,1,38.00,43.00,3.00,1132,5
2201,795,2,50.00,60.00,0.00,1147,1
2202,481,2,22.00,27.00,0.00,1018,1
2203,122,2,100.00,109.00,3.00,1038,5
2204,474,1,25.00,30.00,3.00,1053,5
2205,470,2,24.00,29.00,3.50,1122,4
2206,93,1,46.00,55.00,0.00,1012,1
2207,272,1,65.00,70.00,3.50,1076,4
2208,341,3,80.00,85.00,0.00,1071,1
2209,673,1,32.00,45.00,0.00,949,1
2210,679,1,26.00,35.00,0.00,1162,1
2211,105,1,55.00,69.00,0.00,1090,1
2212,752,3,95.00,110.00,0.00,1146,1
2213,447,1,22.00,26.00,2.60,1001,2
2214,45,1,26.00,30.00,0.00,1184,1
2215,236,1,125.00,130.00,19.50,1110,6
2216,216,4,30.00,35.00,2.00,1003,3
2217,286,1,35.00,45.00,0.00,1149,1
2218,742,2,84.00,90.00,18.00,1196,2
2219,346,2,85.00,93.00,0.00,926,1
2220,83,1,140.00,149.00,2.00,1109,3
2221,350,1,65.00,70.00,0.00,1182,1
2222,730,1,70.00,80.00,0.00,1043,1
2223,519,1,28.00,34.00,0.00,1015,1
2224,718,1,140.00,150.00,3.50,950,4
2225,186,1,99.00,109.00,0.00,917,1
2226,578,3,20.00,25.00,3.50,1041,4
2227,128,1,89.00,95.00,2.00,961,3
2228,783,2,60.00,62.00,18.60,1009,6
2229,682,1,26.00,35.00,5.25,1110,6
2230,186,1,99.00,109.00,10.90,970,2
2231,279,1,55.00,60.00,9.00,1025,6
2232,279,2,55.00,60.00,3.50,1189,4
2233,356,1,68.00,75.00,2.00,961,3
2234,578,1,20.00,25.00,0.00,1045,1
2235,34,1,26.00,30.00,0.00,1105,1
2236,241,4,35.00,39.00,0.00,948,1
2237,714,1,140.00,150.00,0.00,1083,1
2238,148,2,55.00,59.00,0.00,1143,1
2239,27,1,32.00,36.00,3.00,988,5
2240,119,3,79.00,84.00,3.50,1048,4
2241,379,2,45.00,50.00,2.00,1195,3
2242,508,2,15.00,19.00,0.00,1141,1
2243,83,1,140.00,149.00,3.00,1126,5
2244,536,3,38.00,44.00,0.00,1005,1
2245,306,3,65.00,68.00,0.00,943,1
2246,515,2,33.00,38.00,0.00,1032,1
2247,66,1,110.00,120.00,0.00,918,1
2248,81,1,140.00,149.00,0.00,1010,1
2249,212,1,38.00,43.00,0.00,1149,1
2250,441,1,27.00,33.00,3.30,1144,2
2251,561,2,18.00,24.00,0.00,969,1
2252,592,3,19.00,24.00,3.00,999,5
2253,119,1,79.00,84.00,0.00,1049,1
2254,47,2,26.00,30.00,0.00,1013,1
2255,213,2,40.00,45.00,13.50,1095,6
2256,411,1,30.00,35.00,3.50,920,2
2257,343,1,82.00,90.00,0.00,928,1
2258,132,1,75.00,79.00,2.00,926,3
2259,338,2,105.00,115.00,0.00,1068,1
2260,70,1,110.00,120.00,0.00,1138,1
2261,624,1,79.00,90.00,3.00,1141,5
2262,516,3,33.00,38.00,17.10,1111,6
2263,414,1,23.00,28.00,0.00,1035,1
2264,268,1,20.00,23.00,0.00,979,1
2265,140,1,80.00,85.00,0.00,954,1
2266,432,4,28.00,33.00,0.00,1089,1
2267,281,1,55.00,60.00,3.00,937,5
2268,212,1,38.00,43.00,0.00,1137,1
2269,292,3,35.00,45.00,20.25,1192,6
2270,284,1,35.00,45.00,0.00,988,1
2271,249,3,45.00,50.00,0.00,1198,1
2272,586,2,32.00,38.00,11.40,1159,6
2273,395,1,23.00,27.00,2.00,1146,3
2274,741,1,63.00,75.00,11.25,909,6
2275,150,2,69.00,54.00,0.00,1025,1
2276,413,1,23.00,28.00,2.80,1114,2
2277,583,1,33.00,39.00,3.90,913,2
2278,132,1,75.00,79.00,7.90,1151,2
2279,128,1,89.00,95.00,3.50,922,4
2280,471,1,24.00,29.00,0.00,1063,1
2281,49,1,26.00,30.00,0.00,915,1
2282,107,1,49.00,56.00,0.00,946,1
2283,595,2,42.00,48.00,2.00,1176,3
2284,541,1,38.00,44.00,0.00,1090,1
2285,522,3,28.00,34.00,0.00,963,1
2286,126,1,89.00,95.00,3.00,930,5
2287,576,1,19.00,24.00,2.00,1102,3
2288,337,1,105.00,115.00,0.00,1130,1
2289,319,1,53.00,57.00,5.70,1087,2
2290,757,1,145.00,170.00,0.00,924,1
2291,233,1,125.00,130.00,3.50,1131,4
2292,596,1,42.00,48.00,7.20,1068,6
2293,465,1,24.00,29.00,2.00,1171,3
2294,721,1,35.00,45.00,3.50,1155,4
2295,13,1,18.00,20.00,0.00,1023,1
2296,187,1,99.00,109.00,0.00,1058,1
2297,609,1,50.00,60.00,0.00,1177,1
2298,79,4,140.00,149.00,0.00,1027,1
2299,220,1,35.00,40.00,4.00,1053,2
2300,508,1,15.00,19.00,1.90,1055,2
2301,255,2,60.00,65.00,0.00,1071,1
2302,508,3,15.00,19.00,2.00,938,3
2303,221,2,30.00,35.00,2.00,1059,3
2304,634,4,50.00,60.00,0.00,984,1
2305,209,1,34.00,38.00,0.00,1078,1
2306,236,4,125.00,130.00,0.00,987,1
2307,719,1,35.00,45.00,6.75,1069,6
2308,481,2,22.00,27.00,0.00,1061,1
2309,174,1,79.00,85.00,0.00,920,1
2310,606,1,99.00,105.00,10.50,1128,2
2311,698,4,110.00,120.00,0.00,1065,1
2312,658,4,24.00,35.00,0.00,1149,1
2313,595,4,42.00,48.00,28.80,1033,6
2314,625,1,79.00,90.00,0.00,1024,1
2315,49,1,26.00,30.00,2.00,966,3
2316,666,1,26.00,35.00,0.00,1177,1
2317,280,1,55.00,60.00,0.00,1128,1
2318,83,2,140.00,149.00,0.00,1007,1
2319,713,2,140.00,150.00,30.00,934,2
2320,509,1,15.00,19.00,3.50,940,4
2321,707,1,90.00,105.00,0.00,1021,1
2322,775,1,45.00,55.00,0.00,999,1
2323,132,3,75.00,79.00,0.00,967,1
2324,590,1,19.00,24.00,0.00,1025,1
2325,135,1,70.00,74.00,0.00,1143,1
2326,431,1,28.00,33.00,0.00,942,1
2327,643,1,72.00,80.00,0.00,1096,1
2328,548,1,15.00,19.00,2.85,988,6
2329,29,1,32.00,36.00,3.00,1049,5
2330,486,4,23.00,28.00,16.80,1069,6
2331,224,1,50.00,55.00,0.00,998,1
2332,313,1,40.00,50.00,5.00,936,2
2333,126,1,89.00,95.00,9.50,957,2
2334,275,4,65.00,70.00,0.00,998,1
2335,602,1,70.00,75.00,2.00,1185,3
2336,430,1,19.00,24.00,0.00,955,1
2337,248,1,50.00,55.00,0.00,947,1
2338,11,1,16.00,18.00,0.00,951,1
2339,147,1,55.00,59.00,3.00,1000,5
2340,533,4,38.00,44.00,3.50,989,4
2341,777,1,45.00,55.00,3.00,1028,5
2342,718,1,140.00,150.00,0.00,1194,1
2343,764,1,100.00,120.00,3.00,1098,5
2344,624,2,79.00,90.00,0.00,1050,1
2345,317,1,50.00,55.00,0.00,1020,1
2346,673,1,32.00,45.00,3.50,960,4
2347,598,2,16.00,22.00,3.00,1057,5
2348,427,1,19.00,24.00,3.60,1010,6
2349,448,1,40.00,45.00,4.50,934,2
2350,137,1,70.00,74.00,2.00,1055,3
2351,572,1,32.00,38.00,0.00,1011,1
2352,281,1,55.00,60.00,0.00,948,1
2353,497,1,23.00,27.00,4.05,1070,6
2354,729,1,75.00,80.00,0.00,1155,1
2355,162,1,50.00,55.00,0.00,1048,1
2356,38,1,36.00,40.00,3.00,1146,5
2357,630,1,100.00,105.00,3.50,1102,4
2358,414,3,23.00,28.00,8.40,982,2
2359,443,4,27.00,33.00,19.80,1152,6
2360,633,4,50.00,60.00,0.00,1011,1
2361,596,4,42.00,48.00,0.00,1121,1
2362,471,1,24.00,29.00,0.00,1007,1
2363,604,3,70.00,75.00,0.00,1135,1
2364,394,1,23.00,27.00,0.00,1130,1
2365,24,1,24.00,28.00,0.00,1189,1
2366,204,1,65.00,68.00,0.00,1142,1
2367,758,1,145.00,170.00,3.50,1015,4
2368,743,1,84.00,90.00,0.00,1124,1
2369,797,2,50.00,60.00,3.50,905,4
2370,166,3,80.00,84.00,25.20,1189,2
2371,60,3,90.00,99.00,2.00,1152,3
2372,178,1,75.00,79.00,11.85,1008,6
2373,216,4,30.00,35.00,3.00,1094,5
2374,452,1,20.00,24.00,0.00,1172,1
2375,148,1,55.00,59.00,0.00,1088,1
2376,383,1,45.00,50.00,5.00,1003,2
2377,673,1,32.00,45.00,3.00,977,5
2378,42,1,36.00,40.00,3.00,1043,5
2379,118,1,80.00,85.00,0.00,950,1
2380,533,2,38.00,44.00,13.20,1013,6
2381,141,1,80.00,85.00,8.50,1036,2
2382,143,1,65.00,69.00,0.00,1022,1
2383,665,3,26.00,35.00,10.50,926,2
2384,69,1,110.00,120.00,3.00,1043,5
2385,3,4,22.00,26.00,2.00,1190,3
2386,310,1,40.00,50.00,3.50,970,4
2387,781,2,56.00,62.00,3.50,1125,4
2388,4,1,22.00,26.00,3.50,1089,4
2389,537,4,38.00,44.00,3.00,1116,5
2390,299,2,35.00,45.00,0.00,992,1
2391,249,1,45.00,50.00,7.50,975,6
2392,219,1,35.00,40.00,0.00,1094,1
2393,165,1,80.00,84.00,3.00,1027,5
2394,29,4,32.00,36.00,0.00,1056,1
2395,531,1,38.00,44.00,6.60,915,6
2396,29,2,32.00,36.00,0.00,1200,1
2397,389,1,48.00,55.00,0.00,1173,1
2398,611,1,50.00,60.00,0.00,1148,1
2399,81,4,140.00,149.00,3.50,949,4
2400,667,4,26.00,35.00,2.00,1199,3