id_venta,fecha,tipo_pago,monto_total,id_cliente,id_usuario,id_promotor
1,2019-01-18 13:47,Tarjeta,65.00,2,2,8
2,2019-01-26 18:58,Tarjeta,58.00,1,7,6
3,2019-01-1 15:20,Efectivo,93.00,247,1,1
4,2019-01-30 20:8,Efectivo,140.25,2,3,2
5,2019-01-21 18:47,Tarjeta,56.00,2,2,11
6,2019-01-22 14:29,Efectivo,58.10,2,8,8
7,2019-01-29 18:41,Tarjeta,252.00,287,7,1
8,2019-01-31 11:18,Efectivo,32.30,120,8,6
9,2019-01-26 21:58,Tarjeta,135.00,122,4,9
10,2019-01-18 21:2,Tarjeta,700.00,2,2,6
11,2019-01-15 16:45,Efectivo,447.00,1,4,2
12,2019-01-6 15:13,Tarjeta,145.00,76,1,1
13,2019-01-23 9:52,Efectivo,218.00,283,1,5
14,2019-01-19 20:0,Efectivo,95.50,1,3,6
15,2019-01-1 11:47,Efectivo,476.00,44,8,1
16,2019-01-26 12:10,Tarjeta,339.00,2,6,1
17,2019-01-9 19:37,Tarjeta,230.50,84,10,1
18,2019-01-18 17:33,Tarjeta,268.40,1,1,2
19,2019-01-18 17:16,Efectivo,347.50,168,2,1
20,2019-01-2 15:58,Efectivo,75.50,29,3,9
21,2019-01-29 18:5,Efectivo,116.50,1,8,2
22,2019-01-6 18:53,Efectivo,195.50,122,2,10
23,2019-01-27 21:23,Efectivo,110.50,202,3,5
24,2019-01-23 17:3,Efectivo,254.00,1,2,1
25,2019-01-28 15:48,Tarjeta,179.00,162,8,9
26,2019-01-24 10:11,Efectivo,119.50,1,5,1
27,2019-01-29 15:28,Efectivo,72.25,2,4,4
28,2019-01-16 10:39,Efectivo,28.00,111,2,9
29,2019-01-27 10:6,Efectivo,612.00,51,5,9
30,2019-01-26 20:1,Efectivo,125.00,2,10,8
31,2019-01-23 17:58,Efectivo,268.00,163,9,1
32,2019-01-17 20:30,Efectivo,62.00,1,10,6
33,2019-01-9 12:59,Efectivo,46.75,1,10,2
34,2019-01-31 19:46,Efectivo,90.00,24,8,6
35,2019-01-12 16:27,Tarjeta,150.00,1,4,1
36,2019-01-16 22:53,Tarjeta,150.00,1,9,5
37,2019-01-1 19:21,Tarjeta,138.00,234,2,6
38,2019-01-4 19:9,Efectivo,101.00,1,6,4
39,2019-01-15 18:1,Tarjeta,111.00,2,3,2
40,2019-01-5 17:4,Efectivo,163.20,222,1,2
41,2019-01-30 10:48,Efectivo,55.00,2,10,2
42,2019-01-21 21:49,Efectivo,125.00,209,2,6
43,2019-01-26 16:47,Efectivo,440.90,1,10,1
44,2019-01-6 13:0,Efectivo,168.00,1,1,1
45,2019-01-21 9:53,Efectivo,132.75,1,3,10
46,2019-01-31 14:21,Tarjeta,369.00,100,7,7
47,2019-01-19 20:53,Efectivo,313.50,1,8,7
48,2019-01-22 9:44,Tarjeta,412.00,2,6,4
49,2019-01-7 13:1,Efectivo,349.00,2,6,5
50,2019-01-6 11:56,Efectivo,336.00,1,1,1
51,2019-01-17 22:27,Tarjeta,308.00,123,9,8
52,2019-01-31 9:39,Efectivo,424.00,190,1,1
53,2019-01-2 13:35,Tarjeta,85.00,2,9,3
54,2019-01-28 21:43,Efectivo,204.00,1,9,11
55,2019-01-24 16:4,Efectivo,309.50,20,10,1
56,2019-01-28 11:45,Efectivo,63.80,2,9,11
57,2019-01-24 20:55,Efectivo,52.00,2,2,6
58,2019-01-9 11:41,Efectivo,144.00,2,10,4
59,2019-01-21 21:16,Efectivo,506.25,1,5,7
60,2019-01-11 19:40,Efectivo,32.40,270,8,1
61,2019-01-6 13:28,Efectivo,153.75,18,2,6
62,2019-01-16 9:17,Efectivo,296.60,2,10,6
63,2019-01-9 12:36,Efectivo,148.50,1,5,10
64,2019-01-22 21:34,Efectivo,150.00,296,9,6
65,2019-01-8 14:44,Efectivo,136.00,1,4,5
66,2019-01-25 13:38,Efectivo,150.00,5,4,1
67,2019-01-28 13:28,Tarjeta,135.00,2,10,1
68,2019-01-7 15:9,Efectivo,117.00,81,5,11
69,2019-01-10 12:26,Efectivo,178.00,271,1,9
70,2019-01-15 20:15,Efectivo,30.00,110,9,1
71,2019-01-30 19:49,Efectivo,282.00,229,6,1
72,2019-01-6 20:7,Efectivo,42.50,1,2,1
73,2019-01-6 18:27,Efectivo,115.00,121,6,1
74,2019-01-15 20:39,Tarjeta,117.00,138,4,9
75,2019-01-14 12:30,Efectivo,205.00,1,7,2
76,2019-01-9 21:57,Efectivo,245.00,63,5,9
77,2019-01-10 10:4,Efectivo,34.20,250,3,7
78,2019-01-17 18:18,Tarjeta,145.30,11,6,5
79,2019-01-8 14:21,Efectivo,180.00,1,5,1
80,2019-01-20 14:14,Efectivo,209.00,2,7,3
81,2019-01-7 14:51,Efectivo,302.00,110,3,1
82,2019-01-10 11:28,Efectivo,274.60,32,1,1
83,2019-01-9 18:9,Efectivo,202.80,2,8,7
84,2019-01-3 19:8,Efectivo,70.50,62,8,1
85,2019-01-22 15:54,Efectivo,132.00,2,2,4
86,2019-01-26 9:25,Tarjeta,127.50,81,9,1
87,2019-01-17 9:14,Efectivo,34.20,174,10,10
88,2019-01-1 22:28,Efectivo,158.00,199,4,9
89,2019-01-13 13:46,Tarjeta,65.00,2,1,11
90,2019-01-30 17:31,Efectivo,622.00,227,4,2
91,2019-01-21 10:52,Tarjeta,84.00,1,1,4
92,2019-01-20 14:59,Efectivo,78.00,2,5,7
93,2019-01-9 15:43,Efectivo,116.50,270,6,6
94,2019-01-13 12:42,Efectivo,275.00,2,5,5
95,2019-01-27 9:27,Efectivo,217.00,32,5,6
96,2019-01-18 22:6,Efectivo,139.80,229,10,6
97,2019-01-1 12:37,Efectivo,239.40,83,6,6
98,2019-01-13 11:53,Efectivo,209.50,233,1,1
99,2019-01-27 22:21,Efectivo,138.00,142,10,1
100,2019-01-3 20:1,Efectivo,56.00,2,7,1
101,2019-02-26 19:14,Tarjeta,349.30,29,9,5
102,2019-02-4 22:38,Efectivo,75.60,187,3,1
103,2019-02-18 12:37,Efectivo,405.70,214,5,1
104,2019-02-18 15:16,Efectivo,249.00,257,6,1
105,2019-02-10 15:8,Efectivo,68.00,170,8,1
106,2019-02-24 14:46,Efectivo,54.00,1,3,1
107,2019-02-27 18:23,Efectivo,41.50,1,1,6
108,2019-02-22 18:26,Efectivo,40.00,51,4,1
109,2019-02-18 12:0,Efectivo,252.00,2,7,7
110,2019-02-19 9:26,Efectivo,198.50,21,4,6
111,2019-02-22 10:58,Tarjeta,92.00,1,5,4
112,2019-02-24 9:35,Efectivo,165.00,2,3,11
113,2019-02-25 20:29,Efectivo,252.00,2,5,10
114,2019-02-2 11:54,Tarjeta,119.00,1,9,1
115,2019-02-10 16:55,Efectivo,262.30,248,6,7
116,2019-02-15 22:41,Efectivo,26.50,1,10,1
117,2019-02-23 16:34,Efectivo,210.00,17,5,11
118,2019-02-27 15:50,Efectivo,18.00,52,4,4
119,2019-02-6 16:31,Efectivo,20.00,2,4,1
120,2019-02-15 15:48,Efectivo,136.00,74,3,6
121,2019-02-22 15:28,Tarjeta,30.00,1,2,1
122,2019-02-20 21:25,Tarjeta,236.00,30,4,5
123,2019-02-1 19:25,Tarjeta,648.00,16,3,4
124,2019-02-2 14:20,Efectivo,175.00,2,7,1
125,2019-02-23 10:53,Efectivo,159.00,2,10,1
126,2019-02-16 17:54,Efectivo,273.40,1,8,1
127,2019-02-7 20:35,Efectivo,354.00,1,10,8
128,2019-02-8 17:52,Efectivo,59.00,300,7,2
129,2019-02-15 19:2,Efectivo,75.00,154,2,3
130,2019-02-1 19:55,Efectivo,146.00,1,10,5
131,2019-02-12 21:27,Tarjeta,131.50,1,7,8
132,2019-02-23 13:13,Tarjeta,112.80,1,10,1
133,2019-02-18 13:52,Tarjeta,160.80,1,2,10
134,2019-02-20 16:19,Efectivo,112.00,241,6,1
135,2019-02-15 12:26,Efectivo,603.00,1,3,9
136,2019-02-26 13:5,Efectivo,260.50,79,3,9
137,2019-02-23 19:6,Efectivo,266.50,161,8,9
138,2019-02-27 11:44,Tarjeta,143.00,1,10,9
139,2019-02-6 10:30,Efectivo,448.00,1,1,9
140,2019-02-27 10:47,Efectivo,247.00,183,8,1
141,2019-02-5 21:26,Efectivo,186.30,1,1,9
142,2019-02-6 21:43,Tarjeta,176.00,1,4,7
143,2019-02-7 20:18,Efectivo,93.00,126,3,11
144,2019-02-16 19:42,Efectivo,607.00,1,10,6
145,2019-02-18 17:36,Efectivo,127.00,104,6,9
146,2019-02-2 22:32,Tarjeta,268.00,2,1,10
147,2019-02-21 9:7,Efectivo,712.00,1,5,8
148,2019-02-20 13:44,Efectivo,67.00,1,4,1
149,2019-02-9 16:34,Efectivo,573.00,2,7,6
150,2019-02-24 19:28,Efectivo,106.00,176,6,2
151,2019-02-8 10:35,Tarjeta,330.00,1,2,4
152,2019-02-28 20:33,Efectivo,135.00,163,10,5
153,2019-02-27 17:38,Tarjeta,62.10,1,8,11
154,2019-02-5 10:3,Efectivo,132.00,136,8,4
155,2019-02-14 12:9,Efectivo,1096.00,1,4,10
156,2019-02-18 17:50,Efectivo,261.60,1,6,1
157,2019-02-16 10:41,Tarjeta,35.00,1,6,10
158,2019-02-26 10:30,Tarjeta,261.00,161,5,1
159,2019-02-28 22:17,Efectivo,270.50,117,9,7
160,2019-02-12 11:10,Efectivo,160.00,1,5,1
161,2019-02-28 22:10,Tarjeta,36.50,2,9,8
162,2019-02-2 15:13,Efectivo,125.00,120,6,1
163,2019-02-17 22:26,Efectivo,155.00,2,7,8
164,2019-02-20 13:7,Efectivo,160.00,2,10,1
165,2019-02-21 15:24,Tarjeta,114.00,2,7,8
166,2019-02-3 20:34,Efectivo,340.00,2,5,6
167,2019-02-25 10:45,Efectivo,215.00,267,8,1
168,2019-02-6 9:55,Efectivo,57.00,277,10,9
169,2019-02-15 13:39,Tarjeta,21.25,137,9,5
170,2019-02-9 21:29,Tarjeta,88.25,118,2,6
171,2019-02-1 18:34,Tarjeta,180.80,2,3,10
172,2019-02-28 20:12,Efectivo,590.10,2,3,1
173,2019-02-7 14:20,Efectivo,540.10,1,2,1
174,2019-02-14 21:37,Tarjeta,40.50,2,9,6
175,2019-02-27 14:36,Tarjeta,66.60,2,7,2
176,2019-02-1 17:31,Tarjeta,34.00,1,10,10
177,2019-02-22 14:7,Tarjeta,361.00,61,4,10
178,2019-02-16 17:15,Tarjeta,178.00,271,5,2
179,2019-02-23 16:1,Tarjeta,263.00,2,7,1
180,2019-02-5 22:52,Efectivo,369.25,173,7,5
181,2019-02-2 16:15,Tarjeta,305.00,13,2,9
182,2019-02-24 10:33,Efectivo,190.50,275,7,6
183,2019-02-23 18:1,Efectivo,127.00,142,10,6
184,2019-02-12 16:50,Tarjeta,42.00,147,2,4
185,2019-02-27 13:30,Tarjeta,297.00,2,5,6
186,2019-02-28 20:49,Efectivo,121.50,119,6,1
187,2019-02-10 15:28,Tarjeta,357.00,197,4,5
188,2019-02-26 18:1,Efectivo,425.00,2,2,4
189,2019-02-14 13:32,Tarjeta,66.00,1,9,3
190,2019-02-11 13:2,Efectivo,60.00,2,6,10
191,2019-02-11 19:4,Efectivo,231.20,1,3,2
192,2019-02-5 18:51,Efectivo,145.25,2,5,9
193,2019-02-26 13:1,Efectivo,71.40,1,6,1
194,2019-02-25 15:21,Efectivo,50.50,300,10,3
195,2019-02-9 13:23,Tarjeta,250.00,2,8,2
196,2019-02-21 20:46,Efectivo,371.50,1,2,9
197,2019-02-26 10:48,Efectivo,260.25,1,8,10
198,2019-02-11 9:49,Efectivo,112.50,2,3,1
199,2019-02-23 18:33,Efectivo,75.50,209,1,1
200,2019-02-12 12:51,Tarjeta,307.00,2,10,5
201,2019-03-31 19:6,Efectivo,152.85,112,5,8
202,2019-03-24 14:13,Efectivo,120.00,2,6,10
203,2019-03-16 22:52,Efectivo,570.00,2,8,8
204,2019-03-27 15:44,Efectivo,32.00,106,6,1
205,2019-03-24 16:46,Efectivo,160.50,1,7,7
206,2019-03-8 21:3,Efectivo,55.00,1,8,4
207,2019-03-15 10:55,Efectivo,62.10,1,4,10
208,2019-03-19 22:0,Tarjeta,182.50,283,8,6
209,2019-03-10 15:21,Tarjeta,85.00,246,7,2
210,2019-03-14 17:32,Tarjeta,419.00,2,6,5
211,2019-03-7 10:44,Tarjeta,66.50,2,8,8
212,2019-03-18 11:47,Tarjeta,163.00,140,6,10
213,2019-03-26 16:27,Tarjeta,60.00,213,7,1
214,2019-03-2 22:0,Efectivo,55.25,1,1,6
215,2019-03-10 13:25,Tarjeta,119.00,230,7,1
216,2019-03-31 18:1,Efectivo,19.50,262,7,8
217,2019-03-1 9:46,Tarjeta,313.40,25,3,6
218,2019-03-16 12:1,Efectivo,40.00,131,2,1
219,2019-03-18 11:50,Tarjeta,183.00,2,6,11
220,2019-03-24 18:46,Efectivo,40.00,96,3,1
221,2019-03-27 20:30,Efectivo,805.00,2,1,10
222,2019-03-28 17:2,Tarjeta,89.10,2,3,7
223,2019-03-17 21:41,Efectivo,70.00,1,7,2
224,2019-03-8 9:14,Efectivo,103.00,267,8,5
225,2019-03-4 15:22,Efectivo,60.00,1,4,9
226,2019-03-2 18:56,Tarjeta,440.00,2,5,8
227,2019-03-10 14:42,Tarjeta,140.00,1,1,9
228,2019-03-18 21:47,Tarjeta,215.00,159,3,1
229,2019-03-10 14:58,Efectivo,89.10,205,6,1
230,2019-03-26 12:44,Efectivo,94.50,59,6,8
231,2019-03-15 12:20,Tarjeta,68.00,1,6,11
232,2019-03-10 18:47,Tarjeta,72.00,105,5,2
233,2019-03-10 18:53,Efectivo,88.70,67,6,8
234,2019-03-17 14:31,Tarjeta,177.50,95,3,8
235,2019-03-25 11:19,Efectivo,79.00,1,10,6
236,2019-03-18 9:23,Efectivo,200.90,1,7,9
237,2019-03-13 21:3,Tarjeta,79.00,2,3,1
238,2019-03-25 21:21,Tarjeta,480.00,2,9,6
239,2019-03-18 10:58,Efectivo,206.20,102,6,1
240,2019-03-18 14:6,Efectivo,107.00,1,4,1
241,2019-03-4 11:50,Efectivo,121.00,232,6,9
242,2019-03-5 19:27,Tarjeta,231.50,288,10,5
243,2019-03-4 20:13,Efectivo,655.20,2,6,4
244,2019-03-24 20:20,Efectivo,122.00,1,10,7
245,2019-03-11 14:23,Efectivo,30.00,2,1,6
246,2019-03-8 13:28,Efectivo,164.00,294,3,1
247,2019-03-24 21:24,Efectivo,102.00,6,7,7
248,2019-03-7 19:43,Tarjeta,249.20,1,5,1
249,2019-03-11 13:46,Efectivo,69.00,186,9,7
250,2019-03-1 9:44,Efectivo,174.00,1,9,8
251,2019-03-26 11:52,Efectivo,81.00,1,10,1
252,2019-03-13 15:24,Efectivo,350.00,1,4,4
253,2019-03-31 21:20,Efectivo,200.00,76,9,1
254,2019-03-10 21:58,Efectivo,157.50,1,4,1
255,2019-03-8 11:8,Tarjeta,206.00,210,4,1
256,2019-03-27 18:10,Efectivo,140.00,2,4,11
257,2019-03-26 14:48,Tarjeta,119.00,1,6,1
258,2019-03-5 21:41,Efectivo,689.75,1,3,1
259,2019-03-11 22:11,Efectivo,134.00,1,8,2
260,2019-03-17 14:29,Efectivo,216.00,2,10,3
261,2019-03-16 11:42,Efectivo,345.00,1,1,1
262,2019-03-30 17:11,Efectivo,42.00,270,10,1
263,2019-03-1 19:1,Efectivo,394.00,1,3,5
264,2019-03-13 21:20,Efectivo,430.00,205,10,9
265,2019-03-4 19:25,Tarjeta,36.50,255,5,1
266,2019-03-6 19:15,Tarjeta,60.40,4,4,4
267,2019-03-5 11:27,Tarjeta,255.00,2,1,6
268,2019-03-31 14:1,Efectivo,190.00,66,10,3
269,2019-03-16 19:38,Efectivo,360.00,148,1,5
270,2019-03-27 11:21,Tarjeta,160.60,2,10,5
271,2019-03-11 11:14,Efectivo,323.60,1,2,4
272,2019-03-11 18:49,Efectivo,282.00,264,2,3
273,2019-03-28 13:26,Efectivo,104.00,2,3,1
274,2019-03-22 22:37,Tarjeta,62.00,2,3,9
275,2019-03-31 16:19,Tarjeta,76.50,1,3,8
276,2019-03-25 9:32,Efectivo,80.75,2,4,11
277,2019-03-10 19:42,Efectivo,195.00,142,8,9
278,2019-03-27 17:16,Efectivo,330.00,165,9,1
279,2019-03-24 13:31,Efectivo,152.00,118,4,11
280,2019-03-28 19:50,Efectivo,60.00,1,5,1
281,2019-03-9 19:19,Efectivo,130.50,1,1,1
282,2019-03-20 15:55,Tarjeta,301.15,1,6,2
283,2019-03-9 15:14,Tarjeta,73.75,106,9,4
284,2019-03-20 15:35,Tarjeta,593.00,10,8,3
285,2019-03-14 20:25,Efectivo,66.60,1,5,8
286,2019-03-14 22:14,Efectivo,197.00,2,8,6
287,2019-03-1 17:39,Tarjeta,187.00,32,9,1
288,2019-03-23 9:2,Tarjeta,813.60,32,4,1
289,2019-03-13 11:42,Efectivo,600.00,2,6,5
290,2019-03-29 18:25,Efectivo,162.50,1,6,1
291,2019-03-27 12:57,Tarjeta,59.00,2,6,9
292,2019-03-17 9:50,Efectivo,291.50,176,8,7
293,2019-03-16 14:45,Efectivo,123.75,57,2,1
294,2019-03-16 9:13,Efectivo,324.00,292,4,4
295,2019-03-19 13:4,Tarjeta,65.50,1,2,11
296,2019-03-1 17:54,Efectivo,99.50,1,9,2
297,2019-03-18 19:11,Tarjeta,54.00,300,10,1
298,2019-03-19 15:41,Efectivo,43.00,1,5,5
299,2019-03-31 13:23,Efectivo,226.30,2,5,1
300,2019-03-28 18:24,Tarjeta,27.00,2,10,8
301,2019-04-18 19:5,Tarjeta,143.00,177,7,3
302,2019-04-5 15:41,Efectivo,167.50,225,2,4
303,2019-04-10 19:53,Efectivo,36.00,68,9,1
304,2019-04-24 14:2,Tarjeta,113.50,2,4,1
305,2019-04-11 19:37,Efectivo,278.00,1,10,1
306,2019-04-28 16:42,Efectivo,54.00,148,8,2
307,2019-04-27 13:7,Efectivo,240.00,1,1,3
308,2019-04-20 13:51,Tarjeta,643.00,2,3,8
309,2019-04-26 17:56,Efectivo,194.50,2,1,7
310,2019-04-7 10:59,Efectivo,500.50,1,3,1
311,2019-04-2 18:47,Efectivo,55.50,37,2,7
312,2019-04-10 21:6,Tarjeta,726.50,257,5,5
313,2019-04-30 21:43,Efectivo,318.50,2,3,1
314,2019-04-24 10:46,Efectivo,198.00,1,9,1
315,2019-04-5 19:34,Tarjeta,272.00,212,8,9
316,2019-04-20 22:23,Efectivo,73.00,2,2,1
317,2019-04-24 13:29,Efectivo,94.50,120,6,1
318,2019-04-14 22:12,Tarjeta,412.00,98,8,1
319,2019-04-12 9:49,Efectivo,178.00,2,3,1
320,2019-04-17 16:27,Efectivo,73.50,1,6,3
321,2019-04-9 20:25,Tarjeta,112.50,11,5,1
322,2019-04-29 14:55,Tarjeta,293.50,1,2,1
323,2019-04-28 13:34,Tarjeta,190.00,2,4,5
324,2019-04-29 11:35,Tarjeta,213.00,2,5,4
325,2019-04-15 20:19,Efectivo,94.50,300,9,9
326,2019-04-4 9:33,Efectivo,298.00,2,1,1
327,2019-04-20 11:21,Efectivo,48.00,2,9,4
328,2019-04-2 14:48,Efectivo,398.00,171,10,1
329,2019-04-6 14:22,Efectivo,537.00,270,9,1
330,2019-04-25 12:50,Efectivo,103.50,177,9,1
331,2019-04-11 16:3,Efectivo,689.00,143,3,1
332,2019-04-8 14:8,Efectivo,583.50,47,4,9
333,2019-04-4 13:30,Efectivo,72.00,2,7,1
334,2019-04-26 19:16,Tarjeta,240.00,24,1,5
335,2019-04-15 9:39,Efectivo,94.00,2,9,1
336,2019-04-6 10:33,Efectivo,198.00,1,6,1
337,2019-04-4 18:23,Efectivo,24.50,89,2,7
338,2019-04-12 15:15,Efectivo,591.00,1,8,1
339,2019-04-23 9:53,Efectivo,333.50,60,2,1
340,2019-04-23 21:54,Tarjeta,134.00,2,7,9
341,2019-04-1 17:55,Tarjeta,114.50,137,2,2
342,2019-04-9 20:52,Tarjeta,125.50,32,9,1
343,2019-04-13 14:0,Efectivo,221.50,288,8,1
344,2019-04-13 14:25,Efectivo,110.00,207,10,1
345,2019-04-21 17:45,Efectivo,155.00,2,8,8
346,2019-04-25 11:14,Efectivo,258.00,209,4,10
347,2019-04-12 10:18,Tarjeta,178.00,276,3,1
348,2019-04-3 17:21,Efectivo,310.50,2,6,1
349,2019-04-1 21:49,Efectivo,51.50,288,9,7
350,2019-04-30 11:26,Tarjeta,108.50,1,10,2
351,2019-04-19 10:58,Efectivo,28.00,2,4,2
352,2019-04-27 16:53,Efectivo,103.50,11,9,8
353,2019-04-16 16:30,Efectivo,449.50,151,5,3
354,2019-04-8 9:7,Efectivo,25.00,2,10,4
355,2019-04-7 16:11,Tarjeta,18.00,2,8,6
356,2019-04-10 11:22,Tarjeta,642.00,180,8,10
357,2019-04-2 15:26,Tarjeta,327.00,2,1,4
358,2019-04-14 9:21,Tarjeta,91.00,2,9,1
359,2019-04-27 22:16,Tarjeta,184.50,1,7,1
360,2019-04-24 15:11,Tarjeta,70.00,2,4,6
361,2019-04-30 12:40,Efectivo,89.00,258,3,1
362,2019-04-4 15:53,Tarjeta,58.00,61,7,6
363,2019-04-24 21:17,Efectivo,109.00,2,6,1
364,2019-04-2 19:29,Efectivo,95.00,2,5,4
365,2019-04-8 14:0,Efectivo,643.00,1,4,1
366,2019-04-22 12:52,Efectivo,312.00,269,1,1
367,2019-04-15 19:32,Efectivo,242.50,224,10,10
368,2019-04-26 22:36,Tarjeta,173.00,177,2,7
369,2019-04-30 11:9,Efectivo,149.00,299,8,3
370,2019-04-20 18:8,Tarjeta,104.00,1,2,3
371,2019-04-25 19:16,Efectivo,226.50,225,7,1
372,2019-04-4 16:11,Efectivo,111.00,150,4,1
373,2019-04-21 11:25,Tarjeta,31.50,45,9,9
374,2019-04-15 17:20,Efectivo,199.50,2,8,1
375,2019-04-18 21:56,Efectivo,36.00,169,6,1
376,2019-04-23 9:14,Tarjeta,280.00,115,4,5
377,2019-04-12 9:12,Efectivo,126.50,24,2,3
378,2019-04-3 10:0,Efectivo,13.00,19,2,1
379,2019-04-15 22:24,Tarjeta,551.00,1,2,7
380,2019-04-11 22:42,Efectivo,165.00,291,1,1
381,2019-04-21 21:35,Tarjeta,477.00,152,10,8
382,2019-04-11 21:58,Efectivo,16.00,2,6,8
383,2019-04-2 12:32,Efectivo,25.00,1,8,1
384,2019-04-25 14:16,Efectivo,179.00,1,10,4
385,2019-04-9 13:11,Tarjeta,230.50,114,4,6
386,2019-04-4 21:43,Tarjeta,144.00,2,10,3
387,2019-04-7 18:59,Efectivo,154.00,193,5,1
388,2019-04-19 19:28,Tarjeta,305.00,2,9,10
389,2019-04-8 10:1,Tarjeta,396.00,1,4,2
390,2019-04-14 10:34,Tarjeta,151.00,2,8,1
391,2019-04-3 22:49,Efectivo,55.00,1,5,5
392,2019-04-7 19:43,Tarjeta,327.00,25,6,6
393,2019-04-13 9:51,Efectivo,94.00,61,5,1
394,2019-04-8 19:29,Efectivo,357.00,1,9,6
395,2019-04-28 19:1,Tarjeta,410.00,1,6,6
396,2019-04-22 15:12,Tarjeta,74.50,259,9,9
397,2019-04-14 9:22,Tarjeta,638.50,144,1,3
398,2019-04-10 11:33,Efectivo,117.00,1,1,1
399,2019-04-28 19:48,Tarjeta,198.00,61,10,5
400,2019-04-25 16:56,Efectivo,315.50,2,5,6
401,2019-05-17 18:8,Efectivo,26.00,84,3,1
402,2019-05-11 22:10,Tarjeta,237.00,165,1,1
403,2019-05-7 20:44,Tarjeta,115.00,2,1,5
404,2019-05-5 19:20,Tarjeta,75.50,197,9,11
405,2019-05-2 9:49,Efectivo,233.00,245,4,7
406,2019-05-26 20:5,Efectivo,99.00,1,6,9
407,2019-05-16 9:32,Efectivo,25.00,2,9,4
408,2019-05-11 22:34,Efectivo,54.00,45,4,6
409,2019-05-5 14:42,Tarjeta,48.00,1,1,1
410,2019-05-15 10:36,Tarjeta,235.50,41,10,5
411,2019-05-24 20:48,Efectivo,144.00,2,8,1
412,2019-05-18 13:7,Efectivo,192.50,2,1,11
413,2019-05-12 20:37,Efectivo,355.50,213,4,1
414,2019-05-31 14:22,Efectivo,293.00,288,4,1
415,2019-05-25 17:4,Efectivo,83.50,71,1,8
416,2019-05-7 10:38,Efectivo,144.00,1,4,1
417,2019-05-5 21:9,Efectivo,54.00,134,8,9
418,2019-05-24 18:49,Tarjeta,66.50,204,7,9
419,2019-05-21 18:35,Efectivo,90.00,1,8,8
420,2019-05-27 22:41,Tarjeta,51.00,246,5,10
421,2019-05-6 12:13,Efectivo,26.00,35,10,1
422,2019-05-13 10:7,Efectivo,25.00,1,8,1
423,2019-05-19 20:58,Efectivo,292.00,150,10,10
424,2019-05-18 18:48,Efectivo,159.00,2,7,1
425,2019-05-28 21:3,Efectivo,118.00,65,4,1
426,2019-05-29 16:26,Tarjeta,15.00,1,4,4
427,2019-05-2 11:31,Tarjeta,80.00,190,9,3
428,2019-05-25 20:52,Tarjeta,97.00,2,7,5
429,2019-05-7 17:35,Efectivo,110.00,247,8,1
430,2019-05-22 18:8,Efectivo,292.00,172,2,8
431,2019-05-10 12:20,Efectivo,17.00,23,10,6
432,2019-05-14 12:15,Tarjeta,22.00,2,6,5
433,2019-05-12 9:6,Tarjeta,52.00,1,10,1
434,2019-05-19 15:44,Efectivo,28.00,1,3,1
435,2019-05-1 15:37,Efectivo,291.00,281,2,8
436,2019-05-21 22:47,Tarjeta,86.00,247,7,1
437,2019-05-28 22:57,Tarjeta,10.50,2,5,9
438,2019-05-24 18:15,Tarjeta,90.00,1,9,10
439,2019-05-15 19:32,Tarjeta,89.00,207,4,9
440,2019-05-11 21:35,Efectivo,198.00,180,1,1
441,2019-05-14 13:55,Efectivo,20.00,1,5,1
442,2019-05-29 9:42,Efectivo,80.00,291,9,1
443,2019-05-24 22:43,Efectivo,30.00,85,6,1
444,2019-05-20 13:3,Efectivo,144.00,1,10,9
445,2019-05-20 10:49,Efectivo,99.00,276,8,11
446,2019-05-29 22:54,Efectivo,21.00,1,8,1
447,2019-05-4 13:9,Tarjeta,55.00,1,5,5
448,2019-05-20 11:42,Tarjeta,20.00,105,5,1
449,2019-05-27 13:29,Efectivo,477.00,82,10,6
450,2019-05-19 21:29,Efectivo,110.00,278,10,1
451,2019-05-17 19:49,Efectivo,28.00,1,8,8
452,2019-05-13 13:31,Tarjeta,25.50,2,10,1
453,2019-05-18 10:8,Efectivo,149.00,2,8,8
454,2019-05-29 13:40,Efectivo,32.00,2,8,7
455,2019-05-26 16:8,Tarjeta,99.00,102,9,1
456,2019-05-1 18:38,Efectivo,115.50,200,8,9
457,2019-05-24 14:5,Efectivo,120.00,288,5,1
458,2019-05-19 9:23,Tarjeta,40.00,1,9,4
459,2019-05-25 14:46,Efectivo,89.00,1,9,1
460,2019-05-29 18:43,Efectivo,52.00,2,10,1
461,2019-05-8 21:52,Efectivo,60.00,22,2,6
462,2019-05-3 17:55,Efectivo,55.00,292,4,1
463,2019-05-16 11:56,Efectivo,120.00,1,3,3
464,2019-05-25 13:31,Tarjeta,53.00,201,1,1
465,2019-05-20 15:25,Efectivo,353.00,7,1,5
466,2019-05-11 15:23,Tarjeta,34.50,2,6,3
467,2019-05-6 13:7,Efectivo,114.00,133,7,1
468,2019-05-20 10:27,Tarjeta,104.00,2,8,3
469,2019-05-8 18:27,Efectivo,110.00,284,2,9
470,2019-05-27 16:46,Tarjeta,18.00,280,9,6
471,2019-05-26 16:3,Efectivo,40.00,162,1,1
472,2019-05-13 21:36,Tarjeta,99.00,1,5,2
473,2019-05-8 16:2,Efectivo,26.00,34,6,1
474,2019-05-19 19:31,Tarjeta,86.00,1,6,3
475,2019-05-12 21:50,Efectivo,45.00,2,2,2
476,2019-05-19 20:15,Efectivo,93.00,2,10,2
477,2019-05-19 13:48,Efectivo,60.00,1,4,6
478,2019-05-31 18:51,Efectivo,93.50,249,9,1
479,2019-05-6 11:22,Efectivo,24.00,1,9,9
480,2019-05-17 19:47,Tarjeta,15.00,1,6,1
481,2019-05-14 16:28,Efectivo,74.00,1,10,5
482,2019-05-4 11:53,Tarjeta,480.00,2,3,1
483,2019-05-12 10:14,Efectivo,120.00,231,8,1
484,2019-05-3 18:30,Efectivo,20.00,1,8,1
485,2019-05-30 10:51,Efectivo,60.00,155,1,3
486,2019-05-6 9:41,Efectivo,60.00,2,10,5
487,2019-05-18 18:22,Tarjeta,57.00,2,8,2
488,2019-05-18 9:46,Tarjeta,236.00,2,1,4
489,2019-05-22 17:28,Efectivo,149.00,49,1,3
490,2019-05-7 10:59,Efectivo,297.00,290,1,9
491,2019-05-8 21:17,Efectivo,16.00,2,1,9
492,2019-05-24 18:39,Efectivo,198.00,86,2,1
493,2019-05-21 10:58,Efectivo,149.00,114,1,6
494,2019-05-2 19:33,Efectivo,25.50,2,9,2
495,2019-05-15 12:46,Tarjeta,144.50,13,7,3
496,2019-05-24 20:25,Efectivo,34.00,2,2,6
497,2019-05-1 11:34,Efectivo,192.00,137,10,10
498,2019-05-19 21:32,Efectivo,360.00,1,1,9
499,2019-05-7 22:23,Efectivo,50.50,2,5,1
500,2019-05-21 13:36,Tarjeta,292.50,145,4,1
501,2019-06-21 14:23,Efectivo,115.50,290,3,1
502,2019-06-17 10:14,Tarjeta,240.00,1,8,1
503,2019-06-2 21:24,Efectivo,25.50,2,4,5
504,2019-06-9 11:29,Efectivo,93.00,2,7,9
505,2019-06-8 17:33,Efectivo,114.00,233,9,1
506,2019-06-2 20:25,Efectivo,480.00,2,3,4
507,2019-06-24 20:50,Tarjeta,90.30,1,9,1
508,2019-06-11 13:25,Efectivo,7.65,86,10,5
509,2019-06-27 22:46,Tarjeta,30.00,152,5,9
510,2019-06-15 18:2,Efectivo,94.50,24,2,5
511,2019-06-23 16:24,Efectivo,596.00,145,6,2
512,2019-06-21 11:53,Efectivo,72.30,1,6,9
513,2019-06-30 18:42,Efectivo,98.00,2,8,7
514,2019-06-28 22:50,Efectivo,74.00,2,3,1
515,2019-06-23 10:55,Efectivo,107.00,1,9,10
516,2019-06-22 10:45,Efectivo,95.50,2,7,1
517,2019-06-25 9:36,Efectivo,99.00,1,9,7
518,2019-06-14 14:50,Tarjeta,36.00,2,6,1
519,2019-06-24 15:45,Efectivo,30.40,1,9,1
520,2019-06-17 13:12,Efectivo,10.30,294,9,1
521,2019-06-21 14:54,Efectivo,80.00,27,4,1
522,2019-06-26 12:5,Efectivo,147.00,141,4,10
523,2019-06-3 12:16,Efectivo,55.00,53,3,5
524,2019-06-6 14:42,Tarjeta,105.50,2,9,2
525,2019-06-14 11:38,Efectivo,59.00,1,1,4
526,2019-06-22 21:12,Efectivo,93.00,111,4,2
527,2019-06-11 22:5,Efectivo,23.00,2,6,1
528,2019-06-28 12:9,Tarjeta,78.00,298,6,5
529,2019-06-27 21:51,Tarjeta,14.65,65,8,1
530,2019-06-11 13:45,Tarjeta,149.00,110,1,9
531,2019-06-16 11:54,Tarjeta,83.20,164,2,1
532,2019-06-9 16:6,Tarjeta,78.00,21,4,1
533,2019-06-12 13:3,Efectivo,149.00,273,8,11
534,2019-06-12 9:48,Tarjeta,139.10,130,7,3
535,2019-06-1 18:11,Efectivo,99.00,189,8,1
536,2019-06-28 20:9,Tarjeta,139.50,266,3,11
537,2019-06-10 18:16,Efectivo,72.00,37,1,1
538,2019-06-23 22:52,Tarjeta,36.00,67,8,1
539,2019-06-4 21:59,Efectivo,26.00,103,7,9
540,2019-06-6 20:14,Efectivo,280.00,1,10,4
541,2019-06-28 12:49,Efectivo,8.30,1,4,9
542,2019-06-6 17:37,Tarjeta,84.50,1,8,10
543,2019-06-19 18:23,Efectivo,25.00,1,3,6
544,2019-06-28 14:8,Tarjeta,86.00,262,2,5
545,2019-06-11 13:28,Efectivo,20.00,178,10,6
546,2019-06-29 22:23,Efectivo,36.00,245,10,2
547,2019-06-4 11:28,Efectivo,52.00,1,3,4
548,2019-06-17 14:39,Efectivo,75.50,2,5,2
549,2019-06-30 14:19,Efectivo,140.15,1,6,8
550,2019-06-25 22:36,Tarjeta,396.00,1,7,7
551,2019-06-14 15:11,Tarjeta,139.50,55,9,1
552,2019-06-30 12:30,Efectivo,40.15,2,9,9
553,2019-06-7 12:52,Efectivo,117.00,1,4,11
554,2019-06-1 11:16,Tarjeta,120.00,2,2,9
555,2019-06-19 10:54,Efectivo,99.00,1,9,1
556,2019-06-27 21:31,Tarjeta,75.00,56,4,7
557,2019-06-12 11:34,Efectivo,66.00,272,1,7
558,2019-06-9 14:2,Tarjeta,172.50,144,9,3
559,2019-06-17 9:19,Efectivo,234.00,1,3,8
560,2019-06-6 15:25,Tarjeta,28.00,72,4,5
561,2019-06-25 11:22,Efectivo,53.00,176,5,3
562,2019-06-10 20:56,Efectivo,114.00,66,9,3
563,2019-06-15 14:13,Efectivo,19.00,210,1,1
564,2019-06-2 13:43,Tarjeta,15.00,198,4,7
565,2019-06-4 18:11,Efectivo,294.00,2,1,9
566,2019-06-7 17:29,Efectivo,21.15,2,2,1
567,2019-06-18 9:31,Efectivo,40.00,242,4,11
568,2019-06-15 21:22,Tarjeta,120.00,179,4,3
569,2019-06-9 13:33,Tarjeta,14.00,104,4,1
570,2019-06-26 10:32,Efectivo,95.25,98,4,6
571,2019-06-4 20:16,Efectivo,107.00,1,9,5
572,2019-06-8 12:36,Tarjeta,45.50,2,6,1
573,2019-06-2 19:11,Efectivo,99.00,2,5,1
574,2019-06-15 22:9,Tarjeta,28.00,267,2,8
575,2019-06-15 13:34,Tarjeta,66.00,34,3,9
576,2019-06-7 18:23,Efectivo,99.00,14,4,1
577,2019-06-7 12:12,Tarjeta,56.00,99,9,11
578,2019-06-9 9:55,Efectivo,120.00,94,10,1
579,2019-06-22 14:20,Efectivo,16.00,1,6,6
580,2019-06-10 10:2,Tarjeta,107.00,3,4,1
581,2019-06-14 17:20,Efectivo,120.00,2,3,2
582,2019-06-2 21:9,Tarjeta,120.00,2,6,4
583,2019-06-22 14:13,Efectivo,36.00,2,1,7
584,2019-06-18 21:13,Efectivo,50.50,122,10,5
585,2019-06-15 12:31,Efectivo,282.10,155,5,10
586,2019-06-1 11:40,Efectivo,143.00,89,10,11
587,2019-06-29 18:57,Tarjeta,240.00,195,2,5
588,2019-06-26 19:18,Efectivo,55.00,2,5,1
589,2019-06-29 15:18,Efectivo,20.50,70,9,1
590,2019-06-27 21:53,Efectivo,60.00,2,9,2
591,2019-06-10 12:14,Efectivo,20.00,1,3,11
592,2019-06-5 10:41,Efectivo,80.10,1,4,3
593,2019-06-7 9:9,Efectivo,17.00,1,5,5
594,2019-06-6 22:55,Tarjeta,17.00,50,7,4
595,2019-06-16 20:47,Tarjeta,16.00,1,6,1
596,2019-06-4 9:51,Efectivo,99.00,27,4,5
597,2019-06-17 17:13,Efectivo,96.00,1,5,1
598,2019-06-26 12:39,Efectivo,236.00,145,7,11
599,2019-06-10 21:41,Tarjeta,146.20,213,8,6
600,2019-06-28 15:57,Efectivo,72.00,113,9,4
601,2019-07-23 22:36,Efectivo,216.00,124,3,7
602,2019-07-30 18:52,Efectivo,595.00,1,2,1
603,2019-07-28 21:52,Efectivo,221.50,108,1,3
604,2019-07-3 11:27,Efectivo,67.00,2,2,7
605,2019-07-23 18:56,Tarjeta,334.00,232,5,1
606,2019-07-30 15:12,Efectivo,38.25,179,4,10
607,2019-07-12 20:21,Efectivo,351.00,2,6,7
608,2019-07-10 12:38,Efectivo,140.00,1,8,1
609,2019-07-3 19:30,Efectivo,25.00,240,1,1
610,2019-07-23 15:34,Efectivo,47.50,58,5,5
611,2019-07-25 11:21,Efectivo,300.00,2,1,1
612,2019-07-16 17:50,Efectivo,160.00,199,9,10
613,2019-07-6 10:39,Efectivo,63.30,218,2,5
614,2019-07-3 19:52,Tarjeta,341.50,154,1,1
615,2019-07-20 19:27,Efectivo,237.90,1,6,1
616,2019-07-27 20:47,Efectivo,56.00,2,4,11
617,2019-07-1 20:11,Efectivo,172.10,286,3,11
618,2019-07-5 15:37,Efectivo,183.00,70,7,1
619,2019-07-28 13:49,Efectivo,154.50,295,1,1
620,2019-07-19 18:59,Efectivo,211.00,2,6,4
621,2019-07-3 17:42,Efectivo,22.95,270,9,2
622,2019-07-27 15:20,Tarjeta,30.00,112,5,9
623,2019-07-17 11:56,Tarjeta,57.00,2,3,9
624,2019-07-10 12:19,Efectivo,130.50,1,6,1
625,2019-07-8 9:44,Tarjeta,54.00,111,3,7
626,2019-07-5 17:25,Tarjeta,605.30,86,8,4
627,2019-07-23 14:56,Tarjeta,145.00,136,6,2
628,2019-07-19 16:20,Efectivo,256.00,280,3,3
629,2019-07-25 21:34,Tarjeta,86.50,1,1,4
630,2019-07-3 14:7,Efectivo,76.50,2,5,9
631,2019-07-12 18:11,Tarjeta,59.00,295,8,3
632,2019-07-14 14:57,Efectivo,72.00,131,3,1
633,2019-07-1 19:31,Tarjeta,125.00,127,5,2
634,2019-07-24 13:0,Tarjeta,145.00,80,10,3
635,2019-07-6 22:24,Tarjeta,252.45,19,7,1
636,2019-07-3 19:52,Efectivo,361.00,234,10,1
637,2019-07-21 22:10,Efectivo,120.00,1,8,2
638,2019-07-9 9:26,Efectivo,126.30,1,6,10
639,2019-07-7 21:3,Tarjeta,161.20,242,10,1
640,2019-07-24 10:16,Tarjeta,96.50,68,2,3
641,2019-07-25 10:0,Efectivo,100.00,1,3,3
642,2019-07-5 10:42,Efectivo,557.80,238,2,2
643,2019-07-25 21:21,Efectivo,176.00,137,1,11
644,2019-07-15 20:22,Tarjeta,285.50,187,2,10
645,2019-07-28 13:53,Efectivo,191.90,1,10,3
646,2019-07-29 16:58,Efectivo,68.50,261,9,1
647,2019-07-3 20:25,Efectivo,120.60,82,5,7
648,2019-07-6 13:9,Efectivo,326.00,1,1,7
649,2019-07-3 20:59,Tarjeta,107.80,268,4,2
650,2019-07-20 17:2,Tarjeta,28.90,1,7,8
651,2019-07-31 21:6,Efectivo,255.50,1,5,11
652,2019-07-21 12:55,Tarjeta,236.00,1,3,4
653,2019-07-20 13:43,Tarjeta,324.00,253,9,11
654,2019-07-23 14:52,Tarjeta,345.00,2,5,9
655,2019-07-20 20:59,Tarjeta,870.00,182,2,2
656,2019-07-26 17:16,Tarjeta,298.50,32,7,5
657,2019-07-20 13:52,Tarjeta,191.50,154,1,1
658,2019-07-11 13:52,Tarjeta,98.50,211,1,2
659,2019-07-2 19:2,Efectivo,198.00,2,4,1
660,2019-07-1 10:35,Efectivo,269.00,122,9,11
661,2019-07-2 17:52,Efectivo,728.20,1,5,9
662,2019-07-2 17:3,Tarjeta,189.50,2,5,5
663,2019-07-28 11:23,Efectivo,334.00,242,10,1
664,2019-07-7 17:3,Efectivo,59.50,1,1,1
665,2019-07-25 18:19,Tarjeta,152.50,1,3,2
666,2019-07-21 21:50,Efectivo,30.00,1,5,8
667,2019-07-29 14:50,Efectivo,176.00,82,5,2
668,2019-07-22 20:21,Efectivo,67.00,2,4,4
669,2019-07-4 9:29,Efectivo,515.60,164,6,3
670,2019-07-25 12:47,Efectivo,447.00,155,3,1
671,2019-07-16 19:27,Efectivo,453.50,1,7,6
672,2019-07-16 12:40,Efectivo,80.00,99,9,6
673,2019-07-6 14:10,Efectivo,43.00,128,5,5
674,2019-07-10 18:58,Tarjeta,186.00,235,1,1
675,2019-07-12 19:52,Efectivo,90.00,2,2,10
676,2019-07-4 15:27,Efectivo,488.00,2,9,3
677,2019-07-2 12:36,Efectivo,218.00,144,7,2
678,2019-07-15 18:22,Tarjeta,118.00,178,6,9
679,2019-07-27 16:47,Efectivo,430.00,164,4,1
680,2019-07-7 20:28,Efectivo,24.00,2,9,4
681,2019-07-17 21:32,Tarjeta,104.50,2,7,5
682,2019-07-12 18:39,Efectivo,285.00,1,9,7
683,2019-07-18 12:58,Tarjeta,245.50,98,6,9
684,2019-07-19 19:43,Efectivo,145.50,1,1,1
685,2019-07-20 9:28,Efectivo,95.70,276,9,10
686,2019-07-15 22:14,Efectivo,241.00,2,6,10
687,2019-07-24 19:37,Tarjeta,171.50,1,7,1
688,2019-07-2 16:29,Efectivo,44.00,1,1,4
689,2019-07-28 18:9,Efectivo,28.00,276,6,1
690,2019-07-27 10:42,Tarjeta,60.00,2,1,1
691,2019-07-23 22:15,Efectivo,94.30,2,3,1
692,2019-07-15 22:22,Efectivo,50.00,300,10,1
693,2019-07-9 21:0,Efectivo,352.00,1,9,8
694,2019-07-18 16:15,Efectivo,287.00,2,7,4
695,2019-07-10 17:48,Tarjeta,151.65,2,3,8
696,2019-07-30 20:21,Efectivo,143.00,2,10,1
697,2019-07-30 14:2,Efectivo,527.50,288,8,3
698,2019-07-11 9:51,Efectivo,142.80,2,7,5
699,2019-07-3 22:23,Efectivo,397.40,1,10,7
700,2019-07-5 15:57,Efectivo,25.00,67,1,1
701,2019-08-20 14:33,Tarjeta,48.00,73,4,5
702,2019-08-25 9:12,Efectivo,150.00,1,6,8
703,2019-08-27 15:11,Tarjeta,247.50,58,6,7
704,2019-08-17 22:22,Efectivo,177.00,45,6,6
705,2019-08-24 14:22,Tarjeta,273.00,2,9,7
706,2019-08-25 21:23,Efectivo,259.00,81,3,10
707,2019-08-31 18:2,Tarjeta,67.50,2,1,8
708,2019-08-27 9:37,Tarjeta,100.40,1,8,7
709,2019-08-11 14:54,Efectivo,84.50,1,10,6
710,2019-08-13 14:33,Tarjeta,168.40,4,6,4
711,2019-08-16 13:8,Efectivo,49.50,3,10,2
712,2019-08-22 16:50,Efectivo,31.50,2,2,3
713,2019-08-18 14:37,Tarjeta,53.10,289,10,11
714,2019-08-27 20:1,Tarjeta,1010.00,1,8,10
715,2019-08-18 22:29,Efectivo,23.00,61,2,1
716,2019-08-4 20:29,Tarjeta,229.70,258,9,11
717,2019-08-2 12:31,Efectivo,145.65,181,5,1
718,2019-08-9 11:33,Efectivo,72.00,120,7,4
719,2019-08-16 12:22,Efectivo,456.25,231,2,1
720,2019-08-13 16:40,Efectivo,55.00,98,6,11
721,2019-08-30 18:52,Tarjeta,520.50,1,2,11
722,2019-08-9 12:4,Efectivo,480.00,225,4,1
723,2019-08-8 22:39,Tarjeta,255.00,1,4,7
724,2019-08-28 15:27,Efectivo,188.00,1,5,6
725,2019-08-21 20:2,Efectivo,327.00,2,10,1
726,2019-08-12 17:28,Tarjeta,69.00,200,3,7
727,2019-08-7 9:2,Tarjeta,120.00,5,2,1
728,2019-08-28 16:14,Efectivo,60.50,1,8,6
729,2019-08-9 9:31,Efectivo,175.00,32,9,10
730,2019-08-14 18:54,Efectivo,82.00,1,3,7
731,2019-08-24 12:12,Tarjeta,27.00,1,8,2
732,2019-08-24 13:8,Efectivo,211.00,2,2,2
733,2019-08-27 20:3,Efectivo,285.00,1,2,3
734,2019-08-19 19:9,Efectivo,414.00,108,1,1
735,2019-08-3 21:58,Efectivo,115.00,34,9,8
736,2019-08-30 10:27,Efectivo,27.00,171,8,8
737,2019-08-9 13:5,Efectivo,37.40,2,5,8
738,2019-08-14 17:32,Efectivo,48.00,1,3,1
739,2019-08-13 18:5,Efectivo,310.00,277,8,9
740,2019-08-13 9:6,Efectivo,296.00,1,3,7
741,2019-08-27 12:6,Efectivo,226.50,2,9,6
742,2019-08-24 15:46,Efectivo,142.00,112,1,1
743,2019-08-2 22:19,Tarjeta,55.00,1,6,1
744,2019-08-20 15:8,Efectivo,521.00,2,10,4
745,2019-08-28 14:24,Efectivo,45.00,213,2,10
746,2019-08-7 19:32,Tarjeta,170.00,1,2,8
747,2019-08-14 10:6,Tarjeta,331.75,8,10,1
748,2019-08-12 14:17,Tarjeta,54.00,102,5,10
749,2019-08-16 16:52,Efectivo,84.00,2,4,5
750,2019-08-30 21:53,Efectivo,89.60,70,6,9
751,2019-08-5 13:20,Efectivo,80.75,1,2,1
752,2019-08-30 15:34,Efectivo,158.00,2,2,1
753,2019-08-19 19:56,Tarjeta,471.50,197,6,6
754,2019-08-29 19:16,Tarjeta,132.00,1,6,6
755,2019-08-26 11:56,Tarjeta,123.00,2,3,3
756,2019-08-2 15:47,Efectivo,67.00,285,6,8
757,2019-08-13 16:45,Efectivo,313.00,26,8,9
758,2019-08-4 11:42,Tarjeta,489.50,2,7,1
759,2019-08-7 11:26,Tarjeta,339.50,24,3,1
760,2019-08-7 21:22,Efectivo,157.00,48,5,1
761,2019-08-20 9:27,Efectivo,61.50,146,5,2
762,2019-08-21 18:13,Efectivo,278.25,2,10,10
763,2019-08-3 20:19,Efectivo,520.00,205,1,5
764,2019-08-27 19:48,Tarjeta,144.00,1,3,7
765,2019-08-17 18:36,Efectivo,26.00,1,5,2
766,2019-08-23 9:37,Tarjeta,266.00,292,1,1
767,2019-08-3 12:29,Efectivo,332.00,2,5,1
768,2019-08-4 18:35,Tarjeta,105.00,2,3,9
769,2019-08-20 12:52,Tarjeta,183.80,95,1,6
770,2019-08-12 12:37,Efectivo,183.50,1,1,11
771,2019-08-21 9:26,Efectivo,531.50,1,4,7
772,2019-08-26 22:49,Efectivo,155.50,63,3,9
773,2019-08-2 22:41,Tarjeta,116.50,99,7,1
774,2019-08-31 12:2,Tarjeta,345.00,249,10,8
775,2019-08-27 13:27,Tarjeta,269.80,1,4,3
776,2019-08-19 21:4,Efectivo,29.00,1,4,1
777,2019-08-22 22:22,Efectivo,81.00,228,9,9
778,2019-08-31 22:30,Tarjeta,125.00,91,3,6
779,2019-08-8 22:40,Efectivo,174.00,200,9,5
780,2019-08-6 17:7,Efectivo,133.00,2,3,1
781,2019-08-4 14:59,Efectivo,337.00,163,1,1
782,2019-08-30 20:19,Tarjeta,210.00,222,9,1
783,2019-08-17 14:6,Efectivo,127.00,215,3,5
784,2019-08-18 15:58,Efectivo,169.10,2,10,5
785,2019-08-8 16:49,Efectivo,221.00,1,6,10
786,2019-08-29 17:42,Efectivo,92.00,1,6,6
787,2019-08-17 20:28,Efectivo,429.00,147,4,8
788,2019-08-17 13:31,Tarjeta,75.00,1,6,6
789,2019-08-14 14:38,Tarjeta,80.00,1,6,2
790,2019-08-9 19:10,Efectivo,407.00,287,5,1
791,2019-08-24 16:8,Tarjeta,190.00,67,5,5
792,2019-08-2 14:42,Efectivo,27.00,108,1,6
793,2019-08-24 11:23,Efectivo,442.00,238,4,1
794,2019-08-23 12:21,Efectivo,39.60,253,2,9
795,2019-08-7 14:38,Efectivo,447.50,67,4,4
796,2019-08-30 22:17,Tarjeta,45.00,151,3,11
797,2019-08-17 22:46,Efectivo,99.00,180,2,2
798,2019-08-27 20:3,Efectivo,197.50,1,2,10
799,2019-08-31 18:30,Efectivo,543.00,101,9,7
800,2019-08-17 14:58,Tarjeta,115.65,265,7,1
801,2019-09-3 19:21,Efectivo,117.00,2,7,8
802,2019-09-28 18:30,Efectivo,342.00,148,7,1
803,2019-09-2 10:39,Tarjeta,124.50,1,3,1
804,2019-09-15 12:22,Efectivo,34.00,9,8,2
805,2019-09-20 15:25,Tarjeta,320.00,1,8,9
806,2019-09-28 17:4,Efectivo,200.00,134,9,4
807,2019-09-22 21:56,Efectivo,78.00,1,3,1
808,2019-09-18 11:7,Efectivo,26.00,296,3,7
809,2019-09-17 22:20,Tarjeta,456.50,1,6,1
810,2019-09-8 16:3,Efectivo,35.00,2,7,4
811,2019-09-15 17:26,Tarjeta,117.00,246,3,1
812,2019-09-28 20:55,Efectivo,332.50,2,1,6
813,2019-09-22 13:49,Efectivo,208.00,187,1,1
814,2019-09-12 13:57,Efectivo,51.30,186,5,6
815,2019-09-8 16:47,Tarjeta,142.60,9,9,4
816,2019-09-22 9:44,Efectivo,214.50,211,2,4
817,2019-09-2 21:35,Tarjeta,286.50,2,10,3
818,2019-09-5 20:53,Tarjeta,30.00,61,3,2
819,2019-09-8 20:16,Efectivo,262.80,127,6,5
820,2019-09-24 20:56,Tarjeta,172.00,281,9,5
821,2019-09-19 10:55,Tarjeta,60.50,2,8,6
822,2019-09-9 21:21,Efectivo,183.00,201,7,8
823,2019-09-8 16:3,Efectivo,160.75,226,1,11
824,2019-09-16 15:32,Tarjeta,47.00,2,5,11
825,2019-09-13 20:40,Efectivo,81.00,1,10,1
826,2019-09-10 16:18,Efectivo,207.00,1,6,8
827,2019-09-10 12:0,Efectivo,155.25,143,7,4
828,2019-09-17 18:20,Efectivo,131.00,102,7,3
829,2019-09-24 9:6,Efectivo,329.00,1,7,11
830,2019-09-23 11:22,Tarjeta,76.50,166,5,4
831,2019-09-2 14:45,Tarjeta,217.00,222,9,1
832,2019-09-29 18:21,Tarjeta,299.50,2,10,4
833,2019-09-30 9:17,Tarjeta,357.75,1,2,5
834,2019-09-21 11:38,Tarjeta,34.00,2,4,6
835,2019-09-6 16:26,Tarjeta,246.50,1,8,10
836,2019-09-3 14:1,Tarjeta,50.00,156,1,10
837,2019-09-25 15:12,Efectivo,309.00,1,9,1
838,2019-09-25 22:20,Efectivo,105.00,57,4,7
839,2019-09-28 11:27,Tarjeta,69.00,99,1,10
840,2019-09-1 19:36,Tarjeta,189.00,62,1,1
841,2019-09-20 11:28,Efectivo,110.00,2,7,1
842,2019-09-18 10:12,Efectivo,70.50,10,6,3
843,2019-09-8 11:4,Efectivo,439.00,2,10,8
844,2019-09-15 17:30,Tarjeta,19.00,113,3,1
845,2019-09-20 20:45,Efectivo,139.00,2,1,6
846,2019-09-29 17:49,Efectivo,110.00,2,2,1
847,2019-09-16 15:2,Efectivo,49.00,1,7,9
848,2019-09-19 10:48,Efectivo,145.00,1,1,8
849,2019-09-29 18:52,Tarjeta,180.00,2,9,1
850,2019-09-6 9:28,Tarjeta,51.50,1,9,5
851,2019-09-17 19:59,Efectivo,219.50,1,9,7
852,2019-09-30 12:33,Tarjeta,269.00,2,3,10
853,2019-09-20 17:30,Efectivo,573.50,1,1,9
854,2019-09-14 10:59,Efectivo,60.00,1,5,11
855,2019-09-30 13:52,Efectivo,257.30,1,5,11
856,2019-09-19 20:26,Efectivo,129.60,194,4,6
857,2019-09-11 14:30,Tarjeta,264.00,205,9,2
858,2019-09-5 10:22,Efectivo,463.00,115,2,10
859,2019-09-21 21:8,Efectivo,138.00,70,3,11
860,2019-09-7 16:9,Tarjeta,66.00,278,4,7
861,2019-09-11 19:6,Efectivo,60.00,137,10,2
862,2019-09-9 18:3,Tarjeta,190.00,139,8,8
863,2019-09-23 18:2,Efectivo,298.65,1,2,4
864,2019-09-8 10:4,Efectivo,380.00,237,10,1
865,2019-09-30 21:29,Efectivo,230.50,126,9,1
866,2019-09-17 12:4,Tarjeta,231.00,187,3,4
867,2019-09-1 10:39,Efectivo,237.00,1,8,1
868,2019-09-20 19:44,Efectivo,93.00,295,5,9
869,2019-09-2 14:13,Efectivo,320.00,193,1,8
870,2019-09-7 13:4,Efectivo,57.00,2,7,10
871,2019-09-1 12:56,Tarjeta,65.00,67,3,8
872,2019-09-23 10:38,Efectivo,54.00,1,3,8
873,2019-09-18 12:15,Tarjeta,218.70,1,4,1
874,2019-09-3 10:50,Tarjeta,85.00,147,10,9
875,2019-09-8 16:36,Tarjeta,20.00,140,2,9
876,2019-09-12 18:41,Efectivo,517.00,179,5,1
877,2019-09-27 16:40,Tarjeta,105.00,263,5,1
878,2019-09-30 18:1,Efectivo,229.50,1,7,11
879,2019-09-9 13:2,Efectivo,404.55,184,4,11
880,2019-09-4 19:7,Tarjeta,176.05,99,8,1
881,2019-09-17 21:56,Efectivo,97.00,2,2,10
882,2019-09-13 10:10,Efectivo,177.00,1,7,7
883,2019-09-28 20:56,Tarjeta,110.00,1,2,7
884,2019-09-7 15:1,Tarjeta,34.00,2,5,1
885,2019-09-2 10:1,Efectivo,164.00,1,4,6
886,2019-09-26 9:3,Efectivo,27.00,211,5,1
887,2019-09-6 20:3,Tarjeta,188.00,57,6,1
888,2019-09-10 21:19,Efectivo,136.50,282,1,1
889,2019-09-9 22:56,Tarjeta,241.00,117,1,10
890,2019-09-29 15:14,Efectivo,139.10,281,4,1
891,2019-09-17 17:40,Efectivo,53.10,175,10,3
892,2019-09-19 19:21,Efectivo,36.55,220,8,6
893,2019-09-13 17:14,Efectivo,611.00,26,4,5
894,2019-09-17 9:0,Efectivo,128.10,255,1,4
895,2019-09-20 21:10,Efectivo,57.00,194,6,1
896,2019-09-19 20:58,Efectivo,38.00,83,7,11
897,2019-09-30 21:50,Efectivo,69.00,1,10,1
898,2019-09-21 22:31,Tarjeta,416.00,44,10,9
899,2019-09-22 21:17,Tarjeta,134.00,59,7,7
900,2019-09-15 17:9,Efectivo,222.50,1,7,1
901,2019-10-5 22:45,Tarjeta,100.00,200,7,3
902,2019-10-10 17:37,Tarjeta,65.00,127,9,8
903,2019-10-28 20:41,Tarjeta,177.00,1,6,4
904,2019-10-2 21:46,Efectivo,108.00,112,1,2
905,2019-10-20 17:7,Tarjeta,281.50,2,10,1
906,2019-10-13 12:35,Efectivo,74.00,164,5,1
907,2019-10-12 15:47,Tarjeta,406.00,2,7,1
908,2019-10-20 20:30,Efectivo,272.00,2,5,1
909,2019-10-23 20:53,Efectivo,123.75,1,7,9
910,2019-10-5 18:20,Efectivo,212.65,2,9,8
911,2019-10-14 15:13,Tarjeta,25.00,109,6,1
912,2019-10-24 11:45,Tarjeta,106.50,168,3,3
913,2019-10-18 14:5,Tarjeta,80.10,1,6,6
914,2019-10-20 20:54,Efectivo,124.00,202,10,7
915,2019-10-3 14:26,Efectivo,112.40,2,9,9
916,2019-10-10 19:41,Tarjeta,146.50,43,5,9
917,2019-10-18 15:0,Efectivo,258.00,1,3,11
918,2019-10-11 15:22,Efectivo,270.00,2,7,10
919,2019-10-25 15:57,Efectivo,34.50,80,7,8
920,2019-10-1 17:44,Efectivo,161.50,143,9,1
921,2019-10-25 17:47,Efectivo,40.50,1,2,11
922,2019-10-27 18:52,Tarjeta,299.50,2,3,1
923,2019-10-26 16:4,Efectivo,333.00,2,2,1
924,2019-10-7 10:5,Efectivo,195.00,1,10,4
925,2019-10-3 14:42,Efectivo,195.00,177,8,11
926,2019-10-3 15:2,Tarjeta,433.10,1,6,10
927,2019-10-22 20:24,Efectivo,184.00,204,1,1
928,2019-10-22 10:37,Tarjeta,135.00,145,2,9
929,2019-10-28 21:44,Efectivo,140.00,112,8,3
930,2019-10-19 17:15,Efectivo,189.00,2,1,9
931,2019-10-7 11:2,Efectivo,168.00,1,6,7
932,2019-10-30 22:0,Efectivo,241.00,276,3,5
933,2019-10-8 14:48,Tarjeta,56.50,177,7,11
934,2019-10-2 15:9,Efectivo,440.10,1,9,3
935,2019-10-11 15:35,Tarjeta,660.00,202,1,1
936,2019-10-11 20:27,Efectivo,190.00,158,4,3
937,2019-10-1 16:19,Tarjeta,129.00,2,5,9
938,2019-10-10 12:11,Efectivo,108.00,1,7,5
939,2019-10-13 12:47,Efectivo,340.00,79,9,1
940,2019-10-17 17:36,Efectivo,74.00,208,2,10
941,2019-10-14 21:27,Efectivo,338.00,2,10,6
942,2019-10-13 14:27,Efectivo,134.50,1,10,5
943,2019-10-29 12:4,Efectivo,247.00,2,2,8
944,2019-10-12 19:51,Efectivo,240.00,13,3,1
945,2019-10-7 13:36,Tarjeta,221.65,2,3,9
946,2019-10-28 16:19,Tarjeta,87.50,1,10,2
947,2019-10-26 16:33,Efectivo,193.00,127,8,1
948,2019-10-12 18:2,Efectivo,252.50,1,5,3
949,2019-10-11 22:36,Efectivo,858.50,243,5,1
950,2019-10-15 20:34,Tarjeta,276.50,82,6,1
951,2019-10-17 19:10,Efectivo,82.80,1,3,5
952,2019-10-2 17:34,Tarjeta,339.95,1,1,3
953,2019-10-4 22:18,Efectivo,89.00,2,4,4
954,2019-10-8 10:16,Tarjeta,311.80,1,10,3
955,2019-10-8 20:8,Efectivo,104.00,262,10,3
956,2019-10-23 12:42,Efectivo,61.50,196,7,1
957,2019-10-9 22:39,Efectivo,184.50,254,6,10
958,2019-10-3 18:3,Efectivo,218.00,1,8,1
959,2019-10-4 14:29,Tarjeta,79.00,1,10,1
960,2019-10-10 14:28,Efectivo,483.00,227,5,6
961,2019-10-23 16:12,Efectivo,346.55,2,3,1
962,2019-10-27 18:19,Tarjeta,65.50,296,5,1
963,2019-10-20 16:4,Efectivo,152.00,2,1,8
964,2019-10-10 12:42,Efectivo,85.00,1,2,1
965,2019-10-17 12:20,Tarjeta,41.50,30,9,1
966,2019-10-24 14:42,Efectivo,88.00,1,9,11
967,2019-10-27 12:35,Efectivo,319.50,262,4,10
968,2019-10-1 15:38,Efectivo,57.00,2,6,1
969,2019-10-25 11:37,Efectivo,228.00,1,10,2
970,2019-10-4 13:26,Efectivo,244.90,79,1,11
971,2019-10-2 11:59,Efectivo,43.00,1,10,3
972,2019-10-30 12:40,Efectivo,96.00,1,1,1
973,2019-10-13 15:1,Efectivo,91.00,242,8,1
974,2019-10-19 18:8,Efectivo,117.00,2,3,1
975,2019-10-25 13:2,Efectivo,114.50,99,9,9
976,2019-10-13 13:45,Tarjeta,128.00,237,2,2
977,2019-10-24 14:15,Efectivo,269.00,1,3,1
978,2019-10-8 19:23,Efectivo,120.00,1,1,1
979,2019-10-27 17:12,Efectivo,644.00,55,5,11
980,2019-10-3 21:47,Tarjeta,284.50,7,10,1
981,2019-10-29 17:0,Efectivo,55.00,197,3,5
982,2019-10-5 17:41,Efectivo,301.60,83,7,6
983,2019-10-16 18:38,Tarjeta,145.50,256,7,1
984,2019-10-30 19:47,Efectivo,280.00,205,4,3
985,2019-10-27 18:12,Efectivo,41.00,170,5,1
986,2019-10-8 20:17,Tarjeta,199.80,2,1,7
987,2019-10-7 14:36,Efectivo,558.00,2,10,1
988,2019-10-20 11:1,Tarjeta,130.65,121,5,1
989,2019-10-10 19:15,Efectivo,227.75,1,10,5
990,2019-10-10 17:23,Efectivo,43.00,57,8,1
991,2019-10-9 19:53,Tarjeta,56.55,2,10,9
992,2019-10-5 20:51,Efectivo,234.00,2,7,1
993,2019-10-20 21:17,Tarjeta,63.75,1,6,1
994,2019-10-10 18:14,Efectivo,237.00,268,8,11
995,2019-10-19 19:44,Tarjeta,377.00,106,8,1
996,2019-10-28 19:39,Efectivo,343.00,1,6,2
997,2019-10-10 22:20,Efectivo,108.00,1,8,10
998,2019-10-6 13:26,Efectivo,557.00,137,10,7
999,2019-10-13 20:44,Efectivo,243.00,1,7,8
1000,2019-10-25 11:22,Efectivo,228.00,100,8,8
1001,2019-11-10 18:37,Tarjeta,48.40,1,9,5
1002,2019-11-4 13:20,Efectivo,185.00,256,6,4
1003,2019-11-1 22:12,Efectivo,218.00,1,10,7
1004,2019-11-15 17:6,Efectivo,318.60,27,4,2
1005,2019-11-4 9:36,Tarjeta,278.00,289,5,3
1006,2019-11-10 18:38,Efectivo,85.00,2,6,11
1007,2019-11-23 12:35,Efectivo,358.00,1,4,5
1008,2019-11-20 13:28,Tarjeta,181.15,2,9,10
1009,2019-11-30 20:21,Efectivo,538.40,127,10,10
1010,2019-11-1 15:52,Efectivo,365.90,1,9,1
1011,2019-11-26 22:16,Efectivo,559.00,1,6,1
1012,2019-11-30 15:52,Tarjeta,88.00,1,8,9
1013,2019-11-9 21:33,Tarjeta,199.80,2,2,1
1014,2019-11-29 20:20,Efectivo,426.00,2,6,9
1015,2019-11-15 11:30,Efectivo,630.50,171,5,6
1016,2019-11-22 21:36,Efectivo,71.10,1,7,7
1017,2019-11-13 18:47,Tarjeta,55.00,1,2,1
1018,2019-11-15 22:45,Efectivo,184.00,2,5,1
1019,2019-11-20 19:42,Efectivo,100.00,159,8,7
1020,2019-11-24 18:52,Tarjeta,150.50,300,3,4
1021,2019-11-28 14:35,Efectivo,131.00,2,1,6
1022,2019-11-28 11:26,Efectivo,94.00,88,2,4
1023,2019-11-10 11:46,Efectivo,80.00,114,9,7
1024,2019-11-24 9:31,Tarjeta,305.40,225,9,5
1025,2019-11-25 9:39,Efectivo,423.00,221,3,1
1026,2019-11-4 14:13,Tarjeta,107.00,2,3,1
1027,2019-11-18 18:55,Efectivo,746.00,2,5,7
1028,2019-11-13 14:53,Efectivo,92.00,26,9,2
1029,2019-11-11 21:53,Efectivo,91.00,1,4,5
1030,2019-11-4 21:47,Tarjeta,35.00,10,3,1
1031,2019-11-22 19:30,Efectivo,146.75,2,3,7
1032,2019-11-4 13:16,Tarjeta,196.00,192,5,1
1033,2019-11-1 16:37,Tarjeta,270.20,148,9,10
1034,2019-11-15 17:51,Efectivo,167.00,1,2,10
1035,2019-11-15 16:18,Tarjeta,124.00,2,4,6
1036,2019-11-17 10:26,Efectivo,191.50,2,3,11
1037,2019-11-24 15:36,Tarjeta,168.00,2,1,1
1038,2019-11-14 21:44,Efectivo,280.00,295,7,1
1039,2019-11-13 14:47,Efectivo,147.10,145,5,2
1040,2019-11-14 20:46,Tarjeta,99.00,2,8,1
1041,2019-11-25 17:10,Efectivo,204.25,183,2,1
1042,2019-11-15 17:44,Tarjeta,312.50,2,3,1
1043,2019-11-3 12:54,Efectivo,383.00,1,4,2
1044,2019-11-27 11:40,Tarjeta,89.60,115,3,3
1045,2019-11-8 22:17,Efectivo,124.00,70,9,5
1046,2019-11-8 14:57,Efectivo,144.00,2,6,1
1047,2019-11-13 13:49,Efectivo,110.00,2,5,10
1048,2019-11-7 11:19,Efectivo,344.00,2,5,1
1049,2019-11-19 11:38,Tarjeta,430.00,90,9,1
1050,2019-11-28 16:55,Tarjeta,315.00,2,1,2
1051,2019-11-9 12:12,Tarjeta,147.65,286,9,11
1052,2019-11-21 20:47,Efectivo,60.00,228,8,2
1053,2019-11-1 20:35,Efectivo,84.50,37,3,7
1054,2019-11-26 15:34,Efectivo,18.00,270,6,4
1055,2019-11-26 12:25,Tarjeta,134.10,1,7,10
1056,2019-11-25 14:33,Efectivo,269.00,31,2,4
1057,2019-11-10 21:25,Tarjeta,123.50,2,7,1
1058,2019-11-3 11:8,Tarjeta,183.00,141,5,5
1059,2019-11-2 9:17,Efectivo,237.00,129,3,10
1060,2019-11-8 11:23,Efectivo,66.60,188,5,10
1061,2019-11-1 22:8,Efectivo,90.00,108,10,11
1062,2019-11-23 12:25,Efectivo,71.40,157,1,1
1063,2019-11-11 21:47,Tarjeta,271.90,2,9,3
1064,2019-11-23 12:34,Efectivo,26.00,1,7,1
1065,2019-11-17 17:40,Tarjeta,570.00,2,3,5
1066,2019-11-6 14:46,Efectivo,58.65,212,4,5
1067,2019-11-7 20:12,Efectivo,125.10,2,8,1
1068,2019-11-1 17:25,Efectivo,419.80,208,10,2
1069,2019-11-12 13:44,Efectivo,180.45,275,4,7
1070,2019-11-13 9:41,Efectivo,389.95,188,1,5
1071,2019-11-24 18:27,Efectivo,622.50,1,2,10
1072,2019-11-5 19:20,Efectivo,357.00,152,10,5
1073,2019-11-23 10:59,Efectivo,65.00,1,10,5
1074,2019-11-6 9:2,Tarjeta,536.40,154,10,2
1075,2019-11-22 14:34,Efectivo,81.50,49,8,6
1076,2019-11-6 18:2,Tarjeta,103.00,1,1,1
1077,2019-11-29 20:49,Efectivo,311.80,274,8,1
1078,2019-11-5 17:45,Efectivo,83.00,170,1,1
1079,2019-11-26 9:33,Efectivo,216.00,76,9,1
1080,2019-11-14 12:19,Tarjeta,327.00,262,4,11
1081,2019-11-3 21:30,Efectivo,36.00,265,6,6
1082,2019-11-23 22:26,Efectivo,202.00,1,3,9
1083,2019-11-1 20:25,Efectivo,246.75,2,5,1
1084,2019-11-18 19:59,Efectivo,101.50,259,1,11
1085,2019-11-1 17:4,Efectivo,63.00,11,10,1
1086,2019-11-7 13:13,Efectivo,108.50,69,3,2
1087,2019-11-6 19:21,Efectivo,170.30,2,2,11
1088,2019-11-11 19:24,Efectivo,349.00,289,10,1
1089,2019-11-10 15:14,Efectivo,204.50,1,9,9
1090,2019-11-19 19:32,Efectivo,379.00,294,5,7
1091,2019-11-30 14:21,Efectivo,150.00,11,1,10
1092,2019-11-28 14:6,Efectivo,70.00,2,2,1
1093,2019-11-5 17:24,Tarjeta,55.25,63,4,1
1094,2019-11-10 15:16,Tarjeta,229.00,1,9,7
1095,2019-11-27 15:52,Tarjeta,273.10,146,2,10
1096,2019-11-1 22:2,Tarjeta,193.50,1,8,1
1097,2019-11-23 21:33,Tarjeta,99.00,167,9,4
1098,2019-11-1 15:48,Efectivo,247.05,2,3,5
1099,2019-11-12 20:52,Tarjeta,109.00,17,6,4
1100,2019-11-23 15:0,Efectivo,138.00,2,9,7
1101,2019-12-24 11:7,Efectivo,104.10,2,9,9
1102,2019-12-5 12:18,Efectivo,192.50,1,3,9
1103,2019-12-24 20:59,Efectivo,70.00,197,10,10
1104,2019-12-23 13:35,Tarjeta,285.00,79,3,7
1105,2019-12-21 11:1,Efectivo,104.00,53,8,6
1106,2019-12-21 15:58,Efectivo,218.90,193,6,3
1107,2019-12-18 21:1,Tarjeta,25.00,1,3,1
1108,2019-12-18 10:14,Efectivo,238.00,197,7,1
1109,2019-12-12 21:20,Efectivo,200.50,2,3,1
1110,2019-12-14 16:39,Efectivo,308.75,1,6,1
1111,2019-12-15 12:36,Efectivo,353.40,231,8,11
1112,2019-12-14 22:1,Tarjeta,68.00,1,8,8
1113,2019-12-7 14:27,Efectivo,118.00,1,9,3
1114,2019-12-19 20:19,Efectivo,503.20,3,4,2
1115,2019-12-22 21:12,Tarjeta,56.70,2,9,1
1116,2019-12-10 14:26,Efectivo,280.10,1,8,3
1117,2019-12-14 15:39,Efectivo,89.00,182,1,2
1118,2019-12-3 12:47,Efectivo,81.00,59,6,1
1119,2019-12-9 16:12,Tarjeta,121.50,1,6,1
1120,2019-12-20 19:48,Efectivo,102.00,2,5,7
1121,2019-12-24 22:13,Efectivo,381.00,43,8,1
1122,2019-12-20 10:31,Tarjeta,173.50,2,9,2
1123,2019-12-12 11:22,Tarjeta,204.50,187,3,1
1124,2019-12-18 17:54,Efectivo,163.00,1,1,9
1125,2019-12-10 11:4,Tarjeta,169.10,1,10,9
1126,2019-12-12 16:34,Efectivo,304.70,2,1,11
1127,2019-12-19 14:30,Tarjeta,225.00,1,5,7
1128,2019-12-28 17:2,Efectivo,181.00,103,5,10
1129,2019-12-21 20:47,Efectivo,100.00,96,3,4
1130,2019-12-19 13:33,Efectivo,197.00,1,10,6
1131,2019-12-21 19:18,Efectivo,182.50,2,1,2
1132,2019-12-25 18:22,Efectivo,115.00,1,2,3
1133,2019-12-21 15:13,Efectivo,242.10,1,8,10
1134,2019-12-1 20:52,Tarjeta,55.00,1,6,6
1135,2019-12-17 14:31,Tarjeta,345.00,98,10,3
1136,2019-12-4 18:49,Efectivo,21.25,104,10,1
1137,2019-12-3 13:30,Efectivo,158.00,1,2,1
1138,2019-12-19 19:53,Efectivo,209.00,21,10,9
1139,2019-12-10 13:18,Efectivo,350.50,1,2,1
1140,2019-12-9 18:1,Tarjeta,135.00,1,5,7
1141,2019-12-22 17:42,Tarjeta,148.40,258,8,1
1142,2019-12-21 18:23,Efectivo,177.00,95,10,1
1143,2019-12-17 22:46,Tarjeta,211.50,2,10,5
1144,2019-12-7 19:58,Tarjeta,234.70,90,10,3
1145,2019-12-28 11:42,Tarjeta,51.00,1,7,1
1146,2019-12-16 21:58,Efectivo,471.70,97,2,10
1147,2019-12-4 17:58,Tarjeta,562.50,1,2,9
1148,2019-12-15 21:44,Tarjeta,110.40,111,1,10
1149,2019-12-10 19:52,Efectivo,312.15,1,2,2
1150,2019-12-11 19:44,Tarjeta,45.00,129,5,1
1151,2019-12-22 21:47,Tarjeta,151.85,1,5,6
1152,2019-12-10 17:49,Efectivo,534.35,74,5,1
1153,2019-12-21 14:56,Efectivo,81.00,2,3,7
1154,2019-12-25 21:54,Efectivo,65.00,174,8,10
1155,2019-12-22 18:25,Efectivo,144.00,1,2,1
1156,2019-12-18 19:38,Tarjeta,19.55,1,5,1
1157,2019-12-17 18:39,Efectivo,220.00,288,5,6
1158,2019-12-22 19:46,Tarjeta,252.00,2,1,2
1159,2019-12-27 21:48,Efectivo,481.60,250,8,6
1160,2019-12-24 22:29,Efectivo,60.00,177,10,1
1161,2019-12-16 9:36,Efectivo,89.10,51,2,1
1162,2019-12-17 13:29,Tarjeta,236.60,1,1,1
1163,2019-12-11 21:33,Efectivo,306.00,1,3,10
1164,2019-12-15 18:51,Efectivo,36.00,2,2,4
1165,2019-12-15 16:49,Tarjeta,57.00,1,9,10
1166,2019-12-26 18:13,Tarjeta,87.00,2,1,11
1167,2019-12-11 16:49,Tarjeta,50.50,2,8,7
1168,2019-12-23 13:8,Efectivo,133.00,1,2,4
1169,2019-12-20 17:39,Efectivo,198.90,2,5,10
1170,2019-12-22 15:16,Tarjeta,456.50,176,6,10
1171,2019-12-9 21:45,Efectivo,185.00,195,1,10
1172,2019-12-24 12:34,Tarjeta,148.00,181,7,1
1173,2019-12-5 16:20,Efectivo,78.00,1,6,1
1174,2019-12-2 10:25,Efectivo,25.00,77,6,5
1175,2019-12-20 9:47,Efectivo,160.20,163,3,1
1176,2019-12-26 13:44,Efectivo,173.00,197,4,1
1177,2019-12-29 13:45,Efectivo,125.00,2,8,1
1178,2019-12-23 10:11,Efectivo,153.00,118,7,4
1179,2019-12-5 17:39,Tarjeta,41.00,7,3,1
1180,2019-12-6 11:13,Efectivo,92.00,190,8,5
1181,2019-12-25 12:4,Tarjeta,471.50,2,6,1
1182,2019-12-30 11:29,Efectivo,90.00,80,10,5
1183,2019-12-19 14:6,Efectivo,222.00,28,2,10
1184,2019-12-7 12:51,Tarjeta,159.00,1,8,7
1185,2019-12-28 22:29,Tarjeta,116.00,1,8,3
1186,2019-12-8 13:7,Efectivo,53.00,2,5,9
1187,2019-12-16 9:21,Tarjeta,140.00,2,1,3
1188,2019-12-30 21:5,Tarjeta,75.00,59,10,5
1189,2019-12-14 17:45,Efectivo,740.30,131,9,5
1190,2019-12-9 14:37,Efectivo,240.00,2,8,5
1191,2019-12-22 21:22,Efectivo,120.00,1,10,1
1192,2019-12-20 9:54,Efectivo,294.75,2,9,8
1193,2019-12-22 16:58,Efectivo,163.00,2,4,1
1194,2019-12-4 14:57,Efectivo,182.00,2,10,1
1195,2019-12-2 19:42,Efectivo,153.00,211,5,2
1196,2019-12-4 15:1,Tarjeta,232.50,29,3,3
1197,2019-12-16 19:6,Efectivo,173.40,19,8,1
1198,2019-12-29 20:40,Efectivo,215.00,2,7,1
1199,2019-12-16 12:22,Efectivo,164.50,27,3,1
1200,2019-12-3 20:29,Efectivo,141.00,2,5,7

